date,diff,eccentricity,obliquity,longitude,duration
2025-12-31T23:00:00.000Z,-3.566826285139212,0.30322900287983323,-3.8936981662061454,281.0783838792322,24:00:28
2026-01-01T23:00:00.000Z,-4.033395353949908,0.1688900034584398,-4.215259872225403,282.0972312022659,24:00:27
2026-01-02T23:00:00.000Z,-4.494162228413537,0.03449798409132881,-4.531267699088069,283.11607151611133,24:00:27
2026-01-03T23:00:00.000Z,-4.948638110531235,-0.09990485036068088,-4.841314706071363,284.13491126779627,24:00:27
2026-01-04T23:00:00.000Z,-5.39634509261102,-0.23427629109992892,-5.1450038357501695,285.1537570466753,24:00:26
2026-01-05T23:00:00.000Z,-5.836816891404577,-0.3685741407729155,-5.441948526325044,286.1726148130583,24:00:26
2026-01-06T23:00:00.000Z,-6.269599552740504,-0.502756228837158,-5.731773297468277,287.19148915529877,24:00:25
2026-01-07T23:00:00.000Z,-6.694252125089402,-0.6367804269188208,-6.014114308393946,288.2103826091079,24:00:25
2026-01-08T23:00:00.000Z,-7.110347300558086,-0.7706046641471701,-6.288619886931237,289.2292950699011,24:00:24
2026-01-09T23:00:00.000Z,-7.517472021990791,-0.9041869424583745,-6.554951028544633,290.2482233249175,24:00:24
2026-01-10T23:00:00.000Z,-7.915228054909235,-1.0374853518638323,-6.812781864285435,291.2671607263437,24:00:23
2026-01-11T23:00:00.000Z,-8.303232523191719,-1.1704580856702886,-7.061800096825092,292.28609702037284,24:00:23
2026-01-12T23:00:00.000Z,-8.681118407500602,-1.3030634556498546,-7.301707403807012,293.30501834010465,24:00:22
2026-01-13T23:00:00.000Z,-9.048535005596186,-1.4352599071437708,-7.532219807885274,294.3239073627501,24:00:22
2026-01-14T23:00:00.000Z,-9.405148353814234,-1.567006034103582,-7.753068012924221,295.34274362425094,24:00:21
2026-01-15T23:00:00.000Z,-9.750641609109994,-1.6982605940499718,-7.963997705970252,296.3615039772558,24:00:20
2026-01-16T23:00:00.000Z,-10.084715391213937,-1.8289825229508185,-8.164769824713321,297.3801631720453,24:00:20
2026-01-17T23:00:00.000Z,-10.407088084565562,-1.959130950005878,-8.35516079027745,298.39869453427855,24:00:19
2026-01-18T23:00:00.000Z,-10.717496099842233,-2.0886652123334213,-8.5349627053075,299.4170707092635,24:00:18
2026-01-19T23:00:00.000Z,-11.015694095016249,-2.2175448695477624,-8.703983517427247,300.4352644392675,24:00:17
2026-01-20T23:00:00.000Z,-11.301455156028092,-2.345729718225494,-8.862047148274337,301.4532493390416,24:00:17
2026-01-21T23:00:00.000Z,-11.574570937266616,-2.4731798062488997,-9.008993588414112,302.4710006346995,24:00:16
2026-01-22T23:00:00.000Z,-11.834851762201327,-2.5998554470211204,-9.14467895856718,303.4884958328421,24:00:15
2026-01-23T23:00:00.000Z,-12.082126684616386,-2.7257172335441715,-9.26897553767692,304.5057152898589,24:00:14
2026-01-24T23:00:00.000Z,-12.316243511039213,-2.85072605235994,-9.38177175846124,305.5226426559366,24:00:14
2026-01-25T23:00:00.000Z,-12.537068785050279,-2.9748430973338262,-9.482972171191337,306.53926517386753,24:00:13
2026-01-26T23:00:00.000Z,-12.744487734300133,-3.09802988328971,-9.572497376532901,307.55557381937797,24:00:12
2026-01-27T23:00:00.000Z,-12.938404181147938,-3.220248259478652,-9.650283928384278,308.57156327678604,24:00:11
2026-01-28T23:00:00.000Z,-13.11874041795372,-3.3414604228796487,-9.716284207730993,309.5872317512258,24:00:10
2026-01-29T23:00:00.000Z,-13.285437048149449,-3.461628931324899,-9.770466268618579,310.602580626075,24:00:10
2026-01-30T23:00:00.000Z,-13.438452794306597,-3.5807167164422204,-9.812813657421355,311.6176139811814,24:00:09
2026-01-31T23:00:00.000Z,-13.577764352922495,-3.6986871659112723,-9.84332522121718,312.6323385943542,24:00:08
2026-02-01T23:00:00.000Z,-13.703365818724105,-3.8155038573408677,-9.862014812222231,313.6467608495295,24:00:07
2026-02-02T23:00:00.000Z,-13.815268896699447,-3.9311309896791076,-9.868911143047102,314.6608895926893,24:00:06
2026-02-03T23:00:00.000Z,-13.913502253982868,-4.045533115341758,-9.86405743298744,315.67473295566015,24:00:05
2026-02-04T23:00:00.000Z,-13.99811127052938,-4.1586752223338035,-9.847511135239003,316.68829819359416,24:00:05
2026-02-05T23:00:00.000Z,-14.069157679151592,-4.270522745979911,-9.819343624156536,317.7015909661768,24:00:04
2026-02-06T23:00:00.000Z,-14.126719183136736,-4.381041580440205,-9.779639865649388,318.71461469589485,24:00:03
2026-02-07T23:00:00.000Z,-14.170889053149077,-4.49019808999558,-9.728498072264166,319.72737003244947,24:00:02
2026-02-08T23:00:00.000Z,-14.201775705171904,-4.597959120106522,-9.666029344520135,320.73985444758364,24:00:01
2026-02-09T23:00:00.000Z,-14.219502261245703,-4.704292008234947,-9.59235730006729,321.7520619787083,24:00:01
2026-02-10T23:00:00.000Z,-14.224206094785858,-4.809164594427957,-9.507617692240592,322.7639831330307,24:00:00
2026-02-11T23:00:00.000Z,-14.216038362259892,-4.912545231656846,-9.411958019574511,323.7756049566269,23:59:59
2026-02-12T23:00:00.000Z,-14.195163523009523,-5.014402795912236,-9.305537127828128,324.7869112654298,23:59:58
2026-02-13T23:00:00.000Z,-14.161758848973502,-5.114706696041669,-9.188524806045374,325.79788302786073,23:59:57
2026-02-14T23:00:00.000Z,-14.116013926086138,-5.213426883340189,-9.061101378158451,326.8084988819319,23:59:57
2026-02-15T23:00:00.000Z,-14.058130149051632,-5.310533860873859,-8.923457291590246,327.81873576361795,23:59:56
2026-02-16T23:00:00.000Z,-13.988320211213932,-5.405998692550019,-8.775792704286825,328.8285696182411,23:59:55
2026-02-17T23:00:00.000Z,-13.906807591160462,-5.499793011916845,-8.618317071553491,329.83797616291486,23:59:55
2026-02-18T23:00:00.000Z,-13.813826037677302,-5.591889030696828,-8.45124873401756,330.846931665732,23:59:54
2026-02-19T23:00:00.000Z,-13.709619054617297,-5.682259547052624,-8.274814507984223,331.85541370663486,23:59:53
2026-02-20T23:00:00.000Z,-13.594439387166457,-5.770877953574444,-8.089249279379308,332.8634018857956,23:59:53
2026-02-21T23:00:00.000Z,-13.468548510973926,-5.85771824499923,-7.894795602425774,333.87087844758753,23:59:52
2026-02-22T23:00:00.000Z,-13.332216125481569,-5.942755025645383,-7.691703304094979,334.87782879211227,23:59:51
2026-02-23T23:00:00.000Z,-13.18571965276949,-6.025963516575867,-7.480229095321024,335.88424185131043,23:59:51
2026-02-24T23:00:00.000Z,-13.029343743133396,-6.107319562473115,-7.260636189891119,336.89011031272275,23:59:50
2026-02-25T23:00:00.000Z,-12.863379788514488,-6.186799638237227,-7.033193931803721,337.89543068093735,23:59:50
2026-02-26T23:00:00.000Z,-12.688125444849824,-6.264380855298171,-6.7981774318490755,338.9002031739874,23:59:49
2026-02-27T23:00:00.000Z,-12.503884164287063,-6.340040967642765,-6.555867214035661,339.9044314594412,23:59:48
2026-02-28T23:00:00.000Z,-12.310964621280945,-6.413758420676515,-6.306548722615759,340.9081228369723,23:59:48
2026-03-01T23:00:00.000Z,-12.109680729686461,-6.4855121830338165,-6.050512585133618,341.91128531686445,23:59:47
2026-03-02T23:00:00.000Z,-11.900350523002158,-6.555282013957651,-5.788053404339523,342.9139305427361,23:59:47
2026-03-03T23:00:00.000Z,-11.683296186349517,-6.623048292221449,-5.51947003583368,343.9160706882558,23:59:46
2026-03-04T23:00:00.000Z,-11.45884353739132,-6.688792064998159,-5.2450651444313765,344.91771828592573,23:59:46
2026-03-05T23:00:00.000Z,-11.22732163273926,-6.752495052170001,-4.965144918043334,345.91888545205074,23:59:46
2026-03-06T23:00:00.000Z,-10.989062388328584,-6.814139650347169,-4.680018793333682,346.91958313802934,23:59:45
2026-03-07T23:00:00.000Z,-10.744400213937027,-6.873708936602781,-4.389999193036042,347.91982044174983,23:59:45
2026-03-08T23:00:00.000Z,-10.493671661983196,-6.931186671920819,-4.095401274781053,348.91960401023425,23:59:44
2026-03-09T23:00:00.000Z,-10.237215090601019,-6.986557304358637,-3.7965426911555284,349.91893756043646,23:59:44
2026-03-10T23:00:00.000Z,-9.975370340905444,-7.039805971927167,-3.493743360639045,350.91782153991153,23:59:44
2026-03-11T23:00:00.000Z,-9.708478428299076,-7.090918505186861,-3.1873252490117325,351.91625294263577,23:59:43
2026-03-12T23:00:00.000Z,-9.436881247556839,-7.139881429562157,-2.8776121607211613,352.91422528831936,23:59:43
2026-03-13T23:00:00.000Z,-9.16092129136771,-7.186681967377244,-2.564929539648622,353.9117287661702,23:59:43
2026-03-14T23:00:00.000Z,-8.880941381908716,-7.231308039611806,-2.249604278626782,354.90875053664786,23:59:43
2026-03-15T23:00:00.000Z,-8.597284414984376,-7.273748267382857,-1.9319645370236624,355.905275177618,23:59:42
2026-03-16T23:00:00.000Z,-8.310293116179789,-7.3139919731494425,-1.6123395656443236,356.9012852547621,23:59:42
2026-03-17T23:00:00.000Z,-8.020309808399334,-7.352029181648314,-1.2910595381284315,357.8967619905834,23:59:42
2026-03-18T23:00:00.000Z,-7.7276761901329705,-7.387850620556267,-0.9684553880165202,358.891686001778,23:59:42
2026-03-19T23:00:00.000Z,-7.432733123726361,-7.421447720889433,-0.6448586505931404,359.886038071807,23:59:42
2026-03-20T23:00:00.000Z,-7.135820432872888,-7.452812617134515,-0.3206013085854734,0.8797999236994656,23:59:42
2026-03-21T23:00:00.000Z,-6.837276708517191,-7.481938147119617,0.003984359229160041,1.872954958354967,23:59:42
2026-03-22T23:00:00.000Z,-6.537439122339012,-7.508817851627318,0.32856592745439606,2.8654889249919506,23:59:42
2026-03-23T23:00:00.000Z,-6.236643246908169,-7.533445973749371,0.6528109725513102,3.857390493478306,23:59:41
2026-03-24T23:00:00.000Z,-5.935222881650722,-7.555817457992161,0.9763872213109409,4.84865170273406,23:59:41
2026-03-25T23:00:00.000Z,-5.633509883677591,-7.575927949129824,1.2989627003350552,5.839268265004648,23:59:41
2026-03-26T23:00:00.000Z,-5.331834002579416,-7.593773790814332,1.6202058874797394,6.829239712191338,23:59:41
2026-03-27T23:00:00.000Z,-5.030522718241092,-7.609352023941473,1.9397858662410736,7.818569377728636,23:59:41
2026-03-28T23:00:00.000Z,-4.729901080754627,-7.622660384779547,2.2573724840276057,8.807264214670795,23:59:41
2026-03-29T22:00:00.000Z,-4.4302915515384065,-7.633697302863096,2.5726365152139032,9.795334458309298,23:59:42
2026-03-30T22:00:00.000Z,-4.132013844733465,-7.642461898655776,2.885249829892718,10.782793148373457,23:59:42
2026-03-31T22:00:00.000Z,-3.8353845924265113,-7.648953984167411,3.1948857520744043,11.769656118322018,23:59:42
2026-04-01T22:00:00.000Z,-3.540717887688968,-7.653174046096413,3.5012185085366063,12.755938963007793,23:59:42
2026-04-02T22:00:00.000Z,-3.248324064558938,-7.655123265956121,3.8039245230325953,13.741659805375093,23:59:42
2026-04-03T22:00:00.000Z,-2.9585102379667068,-7.65480350008561,4.102681878273834,14.726836175354038,23:59:42
2026-04-04T22:00:00.000Z,-2.6715799574681682,-7.652217280750971,4.397170709585289,15.711484827217646,23:59:42
2026-04-05T22:00:00.000Z,-2.3878330332286506,-7.647367812511306,4.687073423751728,16.695621013235723,23:59:42
2026-04-06T22:00:00.000Z,-2.1075653569675508,-7.640258968383859,4.97207492834011,17.679257832474832,23:59:43
2026-04-07T22:00:00.000Z,-1.8310687173081541,-7.630895285812736,5.251862871914317,18.662405684099213,23:59:43
2026-04-08T22:00:00.000Z,-1.5586306090281385,-7.619281962446066,5.526127895493718,19.645071849783562,23:59:43
2026-04-09T22:00:00.000Z,-1.290534035788314,-7.605424851725884,5.794563895509707,20.627260224038764,23:59:43
2026-04-10T22:00:00.000Z,-1.0270573059720844,-7.589330458295792,6.056868298447056,21.608971204526824,23:59:44
2026-04-11T22:00:00.000Z,-0.7684738213616988,-7.571005933230807,6.312742347248668,22.590201747281753,23:59:44
2026-04-12T22:00:00.000Z,-0.5150518584368946,-7.550459069095109,6.561891399492087,23.570945584287983,23:59:44
2026-04-13T22:00:00.000Z,-0.2670543421605099,-7.527698294830241,6.804025237252114,24.551193593582866,23:59:45
2026-04-14T22:00:00.000Z,-0.024738612227180542,-7.50273267048199,7.038858388444355,25.53093430505578,23:59:45
2026-04-15T22:00:00.000Z,0.21164381822536704,-7.475571881767189,7.266110459407004,26.510154519162825,23:59:45
2026-04-16T22:00:00.000Z,0.44184751129489463,-7.446226234488722,7.485506478322748,27.488840010539207,23:59:46
2026-04-17T22:00:00.000Z,0.6656333602075418,-7.41470664879991,7.696777249041586,28.466976284709745,23:59:46
2026-04-18T22:00:00.000Z,0.8827688521199617,-7.381024653327295,7.899659714731503,29.444549353775074,23:59:46
2026-04-19T22:00:00.000Z,1.0930283374873544,-7.345192379152842,8.09389733073292,30.421546495934308,23:59:47
2026-04-20T22:00:00.000Z,1.2961933055398154,-7.307222553663396,8.279240445875544,31.397956964579862,23:59:47
2026-04-21T22:00:00.000Z,1.4920526653342006,-7.267128494269695,8.455446691428843,32.37377261491747,23:59:48
2026-04-22T22:00:00.000Z,1.6804030317949847,-7.22492410200276,8.622281376806118,33.3489884197661,23:59:48
2026-04-23T22:00:00.000Z,1.8610490160487927,-7.180623854988741,8.779517891017969,34.32360285120558,23:59:49
2026-04-24T22:00:00.000Z,2.0338035193057546,-7.1342428018112605,8.926938108825697,35.29761811080607,23:59:49
2026-04-25T22:00:00.000Z,2.1984880294646194,-7.085796554761541,9.064332800455718,36.271040197947514,23:59:50
2026-04-26T22:00:00.000Z,2.3549329195534137,-7.035301282985385,9.191502043677934,37.243878813142146,23:59:50
2026-04-27T22:00:00.000Z,2.5029777470552865,-6.982773705527516,9.308255636977952,38.21614710057838,23:59:51
2026-04-28T22:00:00.000Z,2.6424715531077525,-6.928231084282274,9.41441351249942,39.18786124145299,23:59:51
2026-04-29T22:00:00.000Z,2.773273160518003,-6.871691216850293,9.509806147378042,40.15903991635969,23:59:52
2026-04-30T22:00:00.000Z,2.895251539369997,-6.813172393928488,9.594275018999324,41.12970423794286,23:59:52
2026-05-01T22:00:00.000Z,3.008285814398383,-6.7526935323681,9.667672814369377,42.09987472022476,23:59:53
2026-05-02T22:00:00.000Z,3.1122659879346957,-6.690273958982461,9.729864129428488,43.06957397428778,23:59:53
2026-05-03T22:00:00.000Z,3.207092926215002,-6.625933541110132,9.780725651810036,44.038823620938274,23:59:54
2026-05-04T22:00:00.000Z,3.2926787092171037,-6.559692644873559,9.82014659553022,45.00764411403543,23:59:54
2026-05-05T22:00:00.000Z,3.3689468969627185,-6.491572127579236,9.848029071544955,45.976054044680495,23:59:55
2026-05-06T22:00:00.000Z,3.435832786164187,-6.421593330060696,9.864288446090061,46.94406953484395,23:59:55
2026-05-07T22:00:00.000Z,3.49328365593764,-6.349778068962264,9.868853685235562,47.91170374777539,23:59:56
2026-05-08T22:00:00.000Z,3.541259001294005,-6.276148628969713,9.861667684088323,48.87896653713324,23:59:57
2026-05-09T22:00:00.000Z,3.579730753127591,-6.200727754993413,9.842687579093703,49.84586425060115,23:59:57
2026-05-10T22:00:00.000Z,3.608683483439899,-6.123538644303085,9.811885041908084,50.81239969674607,23:59:58
2026-05-11T22:00:00.000Z,3.628114594547847,-6.0446049386232,9.769246553343637,51.77857227657478,23:59:58
2026-05-12T22:00:00.000Z,3.638034491060102,-5.963950716188882,9.71477365592369,52.74437827370275,23:59:59
2026-05-13T22:00:00.000Z,3.638466733430835,-5.881600483767377,9.648483183628663,53.70981129003121,23:59:59
2026-05-14T22:00:00.000Z,3.629448171947356,-5.7975791686473785,9.570407467467367,54.6748628071291,24:00:00
2026-05-15T22:00:00.000Z,3.611029060041542,-5.7119121106015385,9.480594515559204,55.639522847997796,24:00:01
2026-05-16T22:00:00.000Z,3.5832731458804536,-5.624625053822742,9.379108166484082,56.60378070919796,24:00:01
2026-05-17T22:00:00.000Z,3.5462577412384504,-5.535744138838371,9.266028214722228,57.56762573030937,24:00:02
2026-05-18T22:00:00.000Z,3.500073766718125,-5.445295894407313,9.141450507084823,58.53104806587362,24:00:02
2026-05-19T22:00:00.000Z,3.4448257724569817,-5.353307229397246,9.005487009113411,59.49403942497338,24:00:03
2026-05-20T22:00:00.000Z,3.380631933534551,-5.259805424653053,8.858265840530258,60.45659374495335,24:00:03
2026-05-21T22:00:00.000Z,3.307624019355482,-5.164818124850686,8.699931278884259,61.41870776884207,24:00:04
2026-05-22T22:00:00.000Z,3.225947336396141,-5.068373330344455,8.530643730673933,62.38038150034299,24:00:04
2026-05-23T22:00:00.000Z,3.135760643749858,-4.970499389007256,8.3505796692881,63.34161851576391,24:00:05
2026-05-24T22:00:00.000Z,3.0372360410399426,-4.871224988068834,8.159931539256268,64.30242611876929,24:00:05
2026-05-25T22:00:00.000Z,2.9305588283202595,-4.770579145950259,7.9589076263642475,65.26281533083602,24:00:06
2026-05-26T22:00:00.000Z,2.815927337712326,-4.66859120410079,7.747731893341242,66.2228007177946,24:00:06
2026-05-27T22:00:00.000Z,2.693552736610793,-4.565290818835324,7.526643780917473,67.18240006017004,24:00:07
2026-05-28T22:00:00.000Z,2.5636588023868723,-4.460707953178887,7.295897974173691,68.14163388210545,24:00:07
2026-05-29T22:00:00.000Z,2.426481668637439,-4.35487286871293,7.055764134226261,69.10052486003588,24:00:08
2026-05-30T22:00:00.000Z,2.2822695431130104,-4.247816117432617,6.806526595408827,70.05909713766414,24:00:08
2026-05-31T22:00:00.000Z,2.1312823057004078,-4.139568468805543,6.548483872013367,71.0173761486003,24:00:09
2026-06-01T22:00:00.000Z,1.9737915342464623,-4.030161160188187,6.281948907322465,71.97538555693973,24:00:09
2026-06-02T22:00:00.000Z,1.8100795997294716,-3.9196255019420034,6.007247747237089,72.9331499095515,24:00:09
2026-06-03T22:00:00.000Z,1.6404396301794801,-3.8079931264712608,5.724719713034624,73.89069162245505,24:00:10
2026-06-04T22:00:00.000Z,1.4651750048361185,-3.6952959160331798,5.43471678157175,74.84803089382876,24:00:10
2026-06-05T22:00:00.000Z,1.284598910929012,-3.5815659946622063,5.137603085522231,75.80518514922187,24:00:10
2026-06-06T22:00:00.000Z,1.0990338760037375,-3.466835720113691,4.833754383567763,76.76216861453395,24:00:11
2026-06-07T22:00:00.000Z,0.9088112767441553,-3.3511376758214544,4.52355750163195,77.7189920359724,24:00:11
2026-06-08T22:00:00.000Z,0.7142708253363964,-3.234504662873301,4.207409746366631,78.6756625595408,24:00:11
2026-06-09T22:00:00.000Z,0.5157600345096427,-3.11696969200056,3.885718292195264,79.63218377536577,24:00:11
2026-06-10T22:00:00.000Z,0.31363366244403995,-2.998565975588761,3.5588995432991104,80.58855592479631,24:00:12
2026-06-11T22:00:00.000Z,0.10825313886565613,-2.8793269197031366,3.2273784720597147,81.54477626085281,24:00:12
2026-06-12T22:00:00.000Z,-0.10001402632019288,-2.759286116132005,2.891587935525825,82.50083954563524,24:00:12
2026-06-13T22:00:00.000Z,-0.3107948504163972,-2.638477334449696,2.5519679715727244,83.45673866224388,24:00:12
2026-06-14T22:00:00.000Z,-0.5237114998406948,-2.516934514095866,2.2089650764890565,84.41246531344223,24:00:12
2026-06-15T22:00:00.000Z,-0.7383819249754656,-2.3946917564702153,1.863031465813739,85.36801077551718,24:00:12
2026-06-16T22:00:00.000Z,-0.9544205063716973,-2.271783317051906,1.5146243202800385,86.32336667323762,24:00:12
2026-06-17T22:00:00.000Z,-1.1714387106276059,-2.148243597526076,1.1642050187945667,87.27852574083954,24:00:13
2026-06-18T22:00:00.000Z,-1.3890457542469041,-2.0241071379366646,0.8122383604431979,88.23348253468066,24:00:13
2026-06-19T22:00:00.000Z,-1.6068492737330027,-1.899408608847907,0.4591917775327267,89.18823406528463,24:00:13
2026-06-20T22:00:00.000Z,-1.8244560001816144,-1.7741828035288607,0.10553454171291296,90.14278032021502,24:00:13
2026-06-21T22:00:00.000Z,-2.0414724365585935,-1.6484646301448023,-0.24826303472749492,91.09712465406483,24:00:13
2026-06-22T22:00:00.000Z,-2.25750553589342,-1.5222891039727842,-0.6017304002986025,92.05127402795551,24:00:12
2026-06-23T22:00:00.000Z,-2.472163378586335,-1.3956913396241337,-0.954397566389174,93.00523908756622,24:00:12
2026-06-24T22:00:00.000Z,-2.685055847008265,-1.2687065432817926,-1.3057959078461951,93.95903407615879,24:00:12
2026-06-25T22:00:00.000Z,-2.8957952956465287,-1.1413700049515065,-1.6554589599922982,94.91267658637662,24:00:12
2026-06-26T22:00:00.000Z,-3.1039972149798722,-1.0137170907249817,-2.0029232099482055,95.86618716196426,24:00:12
2026-06-27T22:00:00.000Z,-3.3092808873646655,-0.8857832350496493,-2.3477288802279412,96.8195887672573,24:00:12
2026-06-28T22:00:00.000Z,-3.5112700331948044,-0.7576039330139918,-2.689420702538876,97.77290614826961,24:00:12
2026-06-29T22:00:00.000Z,-3.7095934456594803,-0.6292147326341467,-3.0275486798058284,98.72616511414162,24:00:11
2026-06-30T22:00:00.000Z,-3.903885727082291,-0.5006511504218732,-3.3616690324677005,99.67939233982179,24:00:11
2026-07-01T22:00:00.000Z,-4.09378743478213,-0.37194897055566223,-3.6913441362253536,100.63261231285105,24:00:11
2026-07-02T22:00:00.000Z,-4.278946367695334,-0.24314377701806175,-4.0161444334056124,101.5858499883343,24:00:11
2026-07-03T22:00:00.000Z,-4.459017673402885,-0.11427125259230181,-4.335648328882366,102.53912781401596,24:00:10
2026-07-04T22:00:00.000Z,-4.633664519499452,0.01463290546061181,-4.649443065481671,103.49246568609487,24:00:10
2026-07-05T22:00:00.000Z,-4.802558627455142,0.14353299308040732,-4.957125376221163,104.44588045163619,24:00:10
2026-07-06T22:00:00.000Z,-4.965380784848827,0.27239330708951404,-5.258302112383671,105.39938554858782,24:00:09
2026-07-07T22:00:00.000Z,-5.121821334814113,0.40117815286770386,-5.552590845965435,106.35299079950164,24:00:09
2026-07-08T22:00:00.000Z,-5.271580641603177,0.5298518520352448,-5.8396204451395475,107.30670236820515,24:00:08
2026-07-09T22:00:00.000Z,-5.414369531287804,0.6583787501339915,-6.119031621469309,108.26052288127539,24:00:08
2026-07-10T22:00:00.000Z,-5.549909706702462,0.7867232243120211,-6.390477447718079,109.2144517087454,24:00:08
2026-07-11T22:00:00.000Z,-5.677934135820364,0.9148496910167468,-6.653623845197358,110.16848539131024,24:00:07
2026-07-12T22:00:00.000Z,-5.79818741288366,1.0427226136895338,-6.908150039722557,111.1226181946422,24:00:07
2026-07-13T22:00:00.000Z,-5.910426091675288,1.1703065104694799,-7.153748985339217,112.07684276578038,24:00:06
2026-07-14T22:00:00.000Z,-6.014418990455438,1.2975659619035969,-7.390127755118189,113.03115086183243,24:00:06
2026-07-15T22:00:00.000Z,-6.109947468173824,1.4244656186679874,-7.617007898426795,113.98553411811918,24:00:05
2026-07-16T22:00:00.000Z,-6.196805671680022,1.5509702092965925,-7.834125764198235,114.93998482092502,24:00:05
2026-07-17T22:00:00.000Z,-6.27480075375796,1.6770445479224332,-8.041232789847726,115.89449665002576,24:00:04
2026-07-18T22:00:00.000Z,-6.3437530619332705,1.8026535420307808,-8.238095755614097,116.84906535734262,24:00:04
2026-07-19T22:00:00.000Z,-6.403496298075437,1.9277622002203303,-8.424497004190233,117.80368935103434,24:00:03
2026-07-20T22:00:00.000Z,-6.453877648956882,2.052335639986686,-8.600234625678999,118.75837015861725,24:00:03
2026-07-21T22:00:00.000Z,-6.494757888010613,2.1763390955118647,-8.765122607974426,119.7131127481407,24:00:02
2026-07-22T22:00:00.000Z,-6.526011448645749,2.299737925470711,-8.918990952828956,120.66792569280369,24:00:01
2026-07-23T22:00:00.000Z,-6.547526469547956,2.4224976208560283,-9.061685757942227,121.62282117155883,24:00:01
2026-07-24T22:00:00.000Z,-6.5592048125392095,2.544583812815592,-9.19306926555995,122.57781480551603,24:00:00
2026-07-25T22:00:00.000Z,-6.560962053609064,2.6659622805081082,-9.313019878141152,123.532925337513,24:00:00
2026-07-26T22:00:00.000Z,-6.552727447851874,2.786598958973451,-9.421432141777727,124.4881741691479,23:59:59
2026-07-27T22:00:00.000Z,-6.534443869112786,2.906459947025345,-9.518216698148345,125.44358477610513,23:59:58
2026-07-28T22:00:00.000Z,-6.506067725241138,3.0255115151543492,-9.603300205880211,126.39918202802801,23:59:58
2026-07-29T22:00:00.000Z,-6.467568849894547,3.14372011345567,-9.67662523228128,127.35499144356072,23:59:57
2026-07-30T22:00:00.000Z,-6.418930371943232,3.261052379568021,-9.738150116498517,128.31103841401455,23:59:57
2026-07-31T22:00:00.000Z,-6.360148525414684,3.377475215901646,-9.787848831385054,129.2673480019439,23:59:56
2026-08-01T22:00:00.000Z,-6.291232623934784,3.4929555199820883,-9.82571068129842,130.22394192165848,23:59:55
2026-08-02T22:00:00.000Z,-6.212204659011869,3.607460609733464,-9.851740264739087,131.18084130355783,23:59:55
2026-08-03T22:00:00.000Z,-6.123099225690188,3.7209579527509566,-9.865957109407525,132.1380638475075,23:59:54
2026-08-04T22:00:00.000Z,-6.023963265301,3.833415244151,-9.868395444062193,133.0956239586194,23:59:54
2026-08-05T22:00:00.000Z,-5.914855825204233,3.944800414613697,-9.859103916353714,134.0535324577595,23:59:53
2026-08-06T22:00:00.000Z,-5.795847804771664,4.055081638444581,-9.838145291331951,135.01179645110642,23:59:52
2026-08-07T22:00:00.000Z,-5.667021688979107,4.164227341653004,-9.805596132137543,135.97041936438654,23:59:52
2026-08-08T22:00:00.000Z,-5.5284712709911545,4.272206210039475,-9.761546464415911,136.9294011402544,23:59:51
2026-08-09T22:00:00.000Z,-5.380301365109524,4.378987197301795,-9.706099426010212,137.88873858975785,23:59:51
2026-08-10T22:00:00.000Z,-5.222627511473826,4.484539533149336,-9.639370903500716,138.8484258820281,23:59:50
2026-08-11T22:00:00.000Z,-5.0555756738790905,4.588832731432572,-9.56148915716499,139.80845514993416,23:59:49
2026-08-12T22:00:00.000Z,-4.879281932075572,4.691836598276762,-9.472594435928245,140.7688171843638,23:59:49
2026-08-13T22:00:00.000Z,-4.693892169868321,4.793521240231979,-9.372838583859943,141.72950218569167,23:59:48
2026-08-14T22:00:00.000Z,-4.499561760344326,4.893857072422138,-9.262384639767077,142.6905005384815,23:59:48
2026-08-15T22:00:00.000Z,-4.296455249476128,4.992814826705505,-9.14140643139306,143.6518035743593,23:59:47
2026-08-16T22:00:00.000Z,-4.084746039348332,5.090365559836075,-9.010088165718686,144.61340428862786,23:59:47
2026-08-17T22:00:00.000Z,-3.864616072180863,5.186480661627124,-8.868624016808127,145.57529797813186,23:59:46
2026-08-18T22:00:00.000Z,-3.636255516283403,5.281131863116058,-8.717217712611372,146.5374827715823,23:59:46
2026-08-19T22:00:00.000Z,-3.399862455015141,5.3742912447262245,-8.556082122078138,147.49996002830812,23:59:45
2026-08-20T22:00:00.000Z,-3.1556425797603005,5.465931244424368,-8.385438843884867,148.4627345873705,23:59:45
2026-08-21T22:00:00.000Z,-2.903808887864326,5.556024665872199,-8.205517798017189,149.42581485570554,23:59:44
2026-08-22T22:00:00.000Z,-2.6445813864022796,5.644544686568267,-8.016556821379972,150.38921273127016,23:59:44
2026-08-23T22:00:00.000Z,-2.378186802577951,5.731464865979325,-7.818801268542035,151.35294336449988,23:59:44
2026-08-24T22:00:00.000Z,-2.1048583014748274,5.816759153656706,-7.6125036186457065,152.31702476881946,23:59:43
2026-08-25T22:00:00.000Z,-1.8248352117917295,5.900401897337161,-7.397923089429461,153.28147729766715,23:59:43
2026-08-26T22:00:00.000Z,-1.5383627601216048,5.982367851022577,-7.175325259235774,154.24632301150814,23:59:42
2026-08-27T22:00:00.000Z,-1.245691814240346,6.062632183036963,-6.944981697789531,155.21158496331554,23:59:42
2026-08-28T22:00:00.000Z,-0.9470786357749478,6.141170484059469,-6.707169606435304,156.17728643466944,23:59:42
2026-08-29T22:00:00.000Z,-0.6427846425606021,6.217958775126939,-6.462171468458305,157.143450156811,23:59:41
2026-08-30T22:00:00.000Z,-0.3330761808621946,6.292973515605074,-6.210274709981534,158.11009755174382,23:59:41
2026-08-31T22:00:00.000Z,-0.018224117783669853,6.366191654375315,-5.951771215346565,159.0772486061178,23:59:41
2026-09-01T22:00:00.000Z,0.3014956101056409,6.437590463625737,-5.686957632838897,160.04491893806335,23:59:40
2026-09-02T22:00:00.000Z,0.6258033248161095,6.507147809492905,-5.416134141532745,161.01312276293902,23:59:40
2026-09-03T22:00:00.000Z,0.9544150445794054,6.574841983598515,-5.139604772600702,161.98187021085687,23:59:40
2026-09-04T22:00:00.000Z,1.2870428491969879,6.640651755142001,-4.857676974980782,162.95116768914886,23:59:40
2026-09-05T22:00:00.000Z,1.6233950493525904,6.704556378601179,-4.570661345472634,163.92101782911232,23:59:39
2026-09-06T22:00:00.000Z,1.9631763471408463,6.7665356013795,-4.27887137044179,164.89141959764856,23:59:39
2026-09-07T22:00:00.000Z,2.3060879882755065,6.826569671386114,-3.982623178936672,165.862368568698,23:59:39
2026-09-08T22:00:00.000Z,2.6518279065576036,6.884639344555242,-3.6822353069156764,166.83385734218245,23:59:39
2026-09-09T22:00:00.000Z,3.000090861229597,6.94072589228926,-3.3780284722066467,167.80587609141912,23:59:39
2026-09-10T22:00:00.000Z,3.350568567924852,6.994811108833083,-3.0703253597495426,168.7784132143097,23:59:38
2026-09-11T22:00:00.000Z,3.702949823966077,7.046877318564564,-2.7594504165969957,169.7514560587715,23:59:38
2026-09-12T22:00:00.000Z,4.056920628850283,7.096907383204345,-2.445729656069601,170.72499168972354,23:59:38
2026-09-13T22:00:00.000Z,4.412164300775982,7.144884708937519,-2.1294904704230118,171.69900766284627,23:59:38
2026-09-14T22:00:00.000Z,4.768361590153146,7.190793253441157,-1.8110614512877588,172.6734927702455,23:59:38
2026-09-15T22:00:00.000Z,5.125190791041147,7.2346175328176985,-1.4907722171311848,173.64843772423774,23:59:38
2026-09-16T22:00:00.000Z,5.482327851521176,7.276342628423108,-1.168953246905503,174.62383574838168,23:59:38
2026-09-17T22:00:00.000Z,5.8394464840268245,7.315954193592467,-0.8459357190278967,175.5996830490276,23:59:38
2026-09-18T22:00:00.000Z,6.196218276673914,7.353438460251423,-0.5220513547935122,176.5759791460532,23:59:38
2026-09-19T22:00:00.000Z,6.5523128066610905,7.388782245413945,-0.19763226528822167,177.55272704774507,23:59:38
2026-09-20T22:00:00.000Z,6.907397756807266,7.421972957558,0.12698919914989648,178.52993326195246,23:59:38
2026-09-21T22:00:00.000Z,7.261139036292978,7.45299860287679,0.4514805978821604,179.50760764287952,23:59:38
2026-09-22T22:00:00.000Z,7.613200906687412,7.481847791399133,0.7755095483301058,180.48576308036536,23:59:38
2026-09-23T22:00:00.000Z,7.963246114304589,7.508509742975222,1.098743874716741,181.46441504564245,23:59:38
2026-09-24T22:00:00.000Z,8.31093602993088,7.532974293122142,1.4208517581761466,182.44358101393846,23:59:39
2026-09-25T22:00:00.000Z,8.65593079693473,7.555231898724316,1.7415018892036462,183.4232797899258,23:59:39
2026-09-26T22:00:00.000Z,8.997889488735769,7.575273643584728,2.0603636234008276,184.4035307663944,23:59:39
2026-09-27T22:00:00.000Z,9.33647027657806,7.593091243821199,2.3771071414552694,185.38435314948947,23:59:39
2026-09-28T22:00:00.000Z,9.67133060849841,7.608677053103183,2.691403614256511,186.36576518540642,23:59:39
2026-09-29T22:00:00.000Z,10.00212740032973,7.622024067724558,3.0029253740154713,187.3477834233854,23:59:40
2026-09-30T22:00:00.000Z,10.328517433720622,7.633125937485362,3.311346276040444,188.33042263712196,23:59:40
2026-10-01T22:00:00.000Z,10.650156793841782,7.6419769451577375,3.6163411469324944,189.31369290123257,23:59:40
2026-10-02T22:00:00.000Z,10.966702274691219,7.648572050954778,3.9175870876224748,190.29760268096834,23:59:41
2026-10-03T22:00:00.000Z,11.27781084030287,7.652906868939709,4.214762935033954,191.28215617953902,23:59:41
2026-10-04T22:00:00.000Z,11.583140083315783,7.654977678530787,4.507549660433508,192.26735378713784,23:59:41
2026-10-05T22:00:00.000Z,11.882348502320605,7.654781428487598,4.795630592191855,193.25319210604175,23:59:42
2026-10-06T22:00:00.000Z,12.17509579523447,7.652315740700293,5.0786916491853225,194.23966413915514,23:59:42
2026-10-07T22:00:00.000Z,12.461043168951159,7.647578913776725,5.3564215852382056,195.22675963348956,23:59:42
2026-10-08T22:00:00.000Z,12.739853665400302,7.640569926423385,5.628512244907962,196.2144655630309,23:59:43
2026-10-09T22:00:00.000Z,13.011192504073477,7.6312884406152826,5.894658830853025,197.20276672914952,23:59:43
2026-10-10T22:00:00.000Z,13.274727440963561,7.619734804551046,6.154560182924642,198.19164645149067,23:59:44
2026-10-11T22:00:00.000Z,13.530129143762736,7.605910055388283,6.407919069037216,199.181087318113,23:59:44
2026-10-12T22:00:00.000Z,13.777071583067173,7.589815921755824,6.654442487785188,200.17107196102734,23:59:45
2026-10-13T22:00:00.000Z,14.015232439229703,7.571454826037702,6.893841982681348,201.16158382210597,23:59:45
2026-10-14T22:00:00.000Z,14.244293524395195,7.550829886426323,7.125833967794205,202.15260787482657,23:59:46
2026-10-15T22:00:00.000Z,14.46394121916552,7.527944918739512,7.3501400644860455,203.1441312692441,23:59:46
2026-10-16T22:00:00.000Z,14.673866923206095,7.502804437998549,7.5664874488287195,204.13614387109737,23:59:47
2026-10-17T22:00:00.000Z,14.873767519044595,7.475413659763327,7.774609209219953,205.12863867069427,23:59:48
2026-10-18T22:00:00.000Z,15.063345848180852,7.4457785012205004,7.9742447136025865,206.12161204315453,23:59:48
2026-10-19T22:00:00.000Z,15.242311198542163,7.413905582022757,8.165139985609208,207.11506384818858,23:59:49
2026-10-20T22:00:00.000Z,15.41037980222253,7.379802224873384,8.347048088869624,208.10899736499778,23:59:49
2026-10-21T22:00:00.000Z,15.567275342357046,7.3434764558560826,8.519729518632099,209.10341906512076,23:59:50
2026-10-22T22:00:00.000Z,15.712729467881976,7.3049370045032544,8.68295259976097,210.09833823351983,23:59:51
2026-10-23T22:00:00.000Z,15.846482314853937,7.2641933036044195,8.836493890093172,211.09376645499287,23:59:51
2026-10-24T22:00:00.000Z,15.968283032934705,7.221255488746823,8.980138588079972,212.08971698902678,23:59:52
2026-10-25T23:00:00.000Z,16.077890315545115,7.176134397589735,9.11368094353504,213.08620406135196,23:59:53
2026-10-26T23:00:00.000Z,16.175072932156503,7.128841568869366,9.236924670277565,214.08324210407227,23:59:54
2026-10-27T23:00:00.000Z,16.259610261091748,7.079389241128189,9.349683359370351,215.08084497872915,23:59:54
2026-10-28T23:00:00.000Z,16.33129282118495,7.0277903511733895,9.451780891616917,216.079025217281,23:59:55
2026-10-29T23:00:00.000Z,16.38992280056323,6.974058532254315,9.543051847912874,217.077793315284,23:59:56
2026-10-30T23:00:00.000Z,16.435314580801098,6.918208111965728,9.623341916014155,218.07715710914272,23:59:57
2026-10-31T23:00:00.000Z,16.46729526977634,6.860254074466438,9.692508330380953,219.07712186571734,23:59:58
2026-11-01T23:00:00.000Z,16.485705142415974,6.800212198173361,9.750420107973362,220.0776875066822,23:59:58
2026-11-02T23:00:00.000Z,16.490398255325356,6.738098844167758,9.796958684385771,221.0788519852831,23:59:59
2026-11-03T23:00:00.000Z,16.481242849254397,6.673931090805659,9.832018118424019,222.08060882587415,24:00:00
2026-11-04T23:00:00.000Z,16.458121845865808,6.607726696061866,9.85550550306394,223.0829478279029,24:00:01
2026-11-05T23:00:00.000Z,16.420933305565026,6.539504093729518,9.867341318749402,224.08585533043515,24:00:02
2026-11-06T23:00:00.000Z,16.36959086776283,6.469282389334638,9.86745977230921,225.0893146252256,24:00:03
2026-11-07T23:00:00.000Z,16.30402417173057,6.397081355763447,9.855809119933602,226.09330649962976,24:00:03
2026-11-08T23:00:00.000Z,16.224179256230656,6.322921428600811,9.832351972667528,227.0978098850228,24:00:04
2026-11-09T23:00:00.000Z,16.130018936149405,6.246823701184488,9.797065582903489,228.10280258143212,24:00:05
2026-11-10T23:00:00.000Z,16.02152315438648,6.168809919368722,9.74994211038802,229.10826202584758,24:00:06
2026-11-11T23:00:00.000Z,15.898689307321161,6.088902476004396,9.690988866295891,230.1141660695248,24:00:07
2026-11-12T23:00:00.000Z,15.761532542218372,6.00712440513053,9.62022853397046,231.12049372934052,24:00:08
2026-11-13T23:00:00.000Z,15.61008602501521,5.92349937588173,9.537699364985388,232.1272258793215,24:00:09
2026-11-14T23:00:00.000Z,15.444401176992619,5.838051686111221,9.443455349238235,233.13434585131108,24:00:09
2026-11-15T23:00:00.000Z,15.264547878918822,5.750806255729293,9.33756635785641,234.14183991762548,24:00:10
2026-11-16T23:00:00.000Z,15.070614641342596,5.661788619761155,9.220118257769167,235.1496976341059,24:00:11
2026-11-17T23:00:00.000Z,14.862708739795314,5.571024921123795,9.091212996870219,236.15791202810942,24:00:12
2026-11-18T23:00:00.000Z,14.640956313776739,5.47854190312354,8.950968658796905,237.16647962307616,24:00:13
2026-11-19T23:00:00.000Z,14.405502428484375,5.384366901678507,8.799519486416342,238.17540029859083,24:00:14
2026-11-20T23:00:00.000Z,14.156511098376372,5.2885278372643425,8.637015873233455,239.18467699239227,24:00:14
2026-11-21T23:00:00.000Z,13.894165271754137,5.191053206589186,8.463624322005472,240.19431525781874,24:00:15
2026-11-22T23:00:00.000Z,13.618666775688478,5.091972073999122,8.279527369976739,241.20432269672892,24:00:16
2026-11-23T23:00:00.000Z,13.330236220717419,4.9913140626143555,8.08492348023539,242.2147082936226,24:00:17
2026-11-24T23:00:00.000Z,13.02911286489002,4.889109345204389,7.880026898816023,243.22548168100366,24:00:18
2026-11-25T23:00:00.000Z,12.715554436847208,4.785388634801044,7.66506747728231,244.2366523692981,24:00:18
2026-11-26T23:00:00.000Z,12.389836917762638,4.680183175051233,7.440290460635815,245.24822897608828,24:00:19
2026-11-27T23:00:00.000Z,12.052254282118398,4.573524730321648,7.205956240521996,246.26021848960045,24:00:20
2026-11-28T23:00:00.000Z,11.703118197395678,4.465445575546344,6.962340073815191,247.27262559970586,24:00:20
2026-11-29T23:00:00.000Z,11.342757682934666,4.3559784858324635,6.709731766796758,248.2854521267618,24:00:21
2026-11-30T23:00:00.000Z,10.971518502031895,4.24515665882471,6.448435165673812,249.2986971831433,24:00:22
2026-12-01T23:00:00.000Z,10.589763639306135,4.133013971032912,6.178768406376126,250.31235443396872,24:00:22
2026-12-02T23:00:00.000Z,10.197871500938474,4.019584567112565,5.901062555515165,251.32641560478078,24:00:23
2026-12-03T23:00:00.000Z,9.79623630131455,3.9049031141196555,5.6156617844614996,252.34086806504638,24:00:24
2026-12-04T23:00:00.000Z,9.38526730611105,3.7890047237561686,5.322922734303985,253.35569561952616,24:00:24
2026-12-05T23:00:00.000Z,8.96538825865415,3.6719249405856718,5.023214004584798,254.37087884653374,24:00:25
2026-12-06T23:00:00.000Z,8.537036770856902,3.553699730036925,4.716915612384374,255.38639557672832,24:00:25
2026-12-07T23:00:00.000Z,8.100663680035517,3.434365466197653,4.40441842290386,256.40222149100737,24:00:26
2026-12-08T23:00:00.000Z,7.65673237300842,3.313958919405442,4.086123552776613,257.41833081063487,24:00:26
2026-12-09T23:00:00.000Z,7.205718078996938,3.192517243638624,3.7624417474458594,258.4346970486349,24:00:27
2026-12-10T23:00:00.000Z,6.748107132988084,3.070077963720093,3.4337927340631826,259.4512937887175,24:00:27
2026-12-11T23:00:00.000Z,6.28439621126519,2.946678962329613,3.1006045514130536,260.4680954567284,24:00:27
2026-12-12T23:00:00.000Z,5.815091540962588,2.822358466837005,2.7633128584889013,261.48507804998917,24:00:28
2026-12-13T23:00:00.000Z,5.3407080855826425,2.697155035966614,2.4223602234185773,262.5022197917915,24:00:28
2026-12-14T23:00:00.000Z,4.861768708460307,2.5711075462865023,2.078195394490823,263.5195016816324,24:00:28
2026-12-15T23:00:00.000Z,4.378803316292034,2.444255178542973,1.7312725551262806,264.53690791662484,24:00:28
2026-12-16T23:00:00.000Z,3.8923479848859732,2.316637403837188,1.3820505646925558,265.55442616509754,24:00:29
2026-12-17T23:00:00.000Z,3.4029440693478583,2.188293969655539,1.0309921870948109,266.5720476803417,24:00:29
2026-12-18T23:00:00.000Z,2.9111373009936754,2.0592648857581173,0.6785633091496756,267.5897672494193,24:00:29
2026-12-19T23:00:00.000Z,2.4174768733109704,1.9295904099345762,0.3252321507678175,268.60758297958637,24:00:29
2026-12-20T23:00:00.000Z,1.9225145193347293,1.7993110336323042,-0.028531530987649156,269.6254959320504,24:00:29
2026-12-21T23:00:00.000Z,1.426803582827418,1.6684674674651694,-0.38225724188585875,270.643509619822,24:00:29
2026-12-22T23:00:00.000Z,0.9308980856797412,1.5371006266098373,-0.7354745524520677,271.6616293924071,24:00:29
2026-12-23T23:00:00.000Z,0.43535179396332435,1.4052516160970465,-1.0877138997170714,272.6798617352979,24:00:29
2026-12-24T23:00:00.000Z,-0.059282714939438624,1.272961716005475,-1.4385073866885794,273.6982135160015,24:00:29
2026-12-25T23:00:00.000Z,-0.552454981710692,1.1402723665646135,-1.7873895774500983,274.7166912107896,24:00:29
2026-12-26T23:00:00.000Z,-1.0436175885553225,1.0072251531766383,-2.1338982857942645,275.7353001472202,24:00:29
2026-12-27T23:00:00.000Z,-1.5322270743588793,0.8738617913614258,-2.4775753553315605,276.75404379674364,24:00:29
2026-12-28T23:00:00.000Z,-2.0177448391985657,0.740224111636585,-2.817967429060591,277.77292314949955,24:00:29
2026-12-29T23:00:00.000Z,-2.4996380358869286,0.6063540443369784,-3.1546267064039326,278.791936199641,24:00:28
2026-12-30T23:00:00.000Z,-2.9773804462733002,0.4722936043817489,-3.4871116857614863,279.81107756461097,24:00:28
2026-12-31T23:00:00.000Z,-3.450453623336935,0.33808479518655465,-3.81498808658777,280.8303388691638,24:00:28