date,dawn_local[Europe/Berlin],sunrise_local[Europe/Berlin],solar_noon_local[Europe/Berlin],solar_noon_altitude_deg,sunset_local[Europe/Berlin],dusk_local[Europe/Berlin],dawn_altitude_deg,dusk_altitude_deg,rise_set_reference_alt_deg,backend
2026-01-01,06:24:28.728,08:26:04.388,12:23:54.888,15.485174,16:21:46.019,16:50:29.767,-17.7,-4.5,-0.8333,ephem 4.2 (VSOP87 full series)
2026-01-02,06:24:30.673,08:25:56.707,12:24:23.324,15.573398,16:22:50.644,16:51:31.075,-17.7,-4.5,-0.8333,ephem 4.2 (VSOP87 full series)
2026-01-03,06:24:29.992,08:25:45.674,12:24:51.390,15.669193,16:23:57.895,16:52:34.758,-17.7,-4.5,-0.8333,ephem 4.2 (VSOP87 full series)
2026-01-04,06:24:26.678,08:25:31.309,12:25:19.091,15.772520,16:25:07.701,16:53:40.754,-17.7,-4.5,-0.8333,ephem 4.2 (VSOP87 full series)
2026-01-05,06:24:20.724,08:25:13.634,12:25:46.333,15.883330,16:26:19.992,16:54:49.005,-17.7,-4.5,-0.8333,ephem 4.2 (VSOP87 full series)
2026-01-06,06:24:12.126,08:24:52.674,12:26:13.210,16.001581,16:27:34.696,16:55:59.447,-17.7,-4.5,-0.8333,ephem 4.2 (VSOP87 full series)
2026-01-07,06:24:00.880,08:24:28.456,12:26:39.515,16.127221,16:28:51.737,16:57:12.016,-17.7,-4.5,-0.8333,ephem 4.2 (VSOP87 full series)
2026-01-08,06:23:46.983,08:24:01.009,12:27:05.477,16.260196,16:30:11.039,16:58:26.646,-17.7,-4.5,-0.8333,ephem 4.2 (VSOP87 full series)
2026-01-09,06:23:30.433,08:23:30.366,12:27:30.744,16.400449,16:31:32.519,16:59:43.269,-17.7,-4.5,-0.8333,ephem 4.2 (VSOP87 full series)
2026-01-10,06:23:11.232,08:22:56.562,12:27:55.689,16.547913,16:32:56.096,17:01:01.811,-17.7,-4.5,-0.8333,ephem 4.2 (VSOP87 full series)
2026-01-11,06:22:49.381,08:22:19.633,12:28:19.972,16.702519,16:34:21.684,17:02:22.202,-17.7,-4.5,-0.8333,ephem 4.2 (VSOP87 full series)
2026-01-12,06:22:24.883,08:21:39.620,12:28:43.630,16.864196,16:35:49.196,17:03:44.364,-17.7,-4.5,-0.8333,ephem 4.2 (VSOP87 full series)
2026-01-13,06:21:57.741,08:20:56.563,12:29:06.789,17.032866,16:37:18.544,17:05:08.224,-17.7,-4.5,-0.8333,ephem 4.2 (VSOP87 full series)
2026-01-14,06:21:27.962,08:20:10.505,12:29:29.231,17.208446,16:38:49.639,17:06:33.704,-17.7,-4.5,-0.8333,ephem 4.2 (VSOP87 full series)
2026-01-15,06:20:55.554,08:19:21.490,12:29:51.045,17.390855,16:40:22.392,17:08:00.728,-17.7,-4.5,-0.8333,ephem 4.2 (VSOP87 full series)
2026-01-16,06:20:20.523,08:18:29.566,12:30:12.213,17.580002,16:41:56.715,17:09:29.220,-17.7,-4.5,-0.8333,ephem 4.2 (VSOP87 full series)
2026-01-17,06:19:42.882,08:17:34.780,12:30:32.560,17.775800,16:43:32.518,17:10:59.102,-17.7,-4.5,-0.8333,ephem 4.2 (VSOP87 full series)
2026-01-18,06:19:02.639,08:16:37.180,12:30:52.384,17.978151,16:45:09.714,17:12:30.299,-17.7,-4.5,-0.8333,ephem 4.2 (VSOP87 full series)
2026-01-19,06:18:19.809,08:15:36.815,12:31:11.412,18.186963,16:46:48.216,17:14:02.736,-17.7,-4.5,-0.8333,ephem 4.2 (VSOP87 full series)
2026-01-20,06:17:34.404,08:14:33.737,12:31:29.648,18.402136,16:48:27.937,17:15:36.337,-17.7,-4.5,-0.8333,ephem 4.2 (VSOP87 full series)
2026-01-21,06:16:46.438,08:13:27.996,12:31:47.118,18.623571,16:50:08.792,17:17:11.030,-17.7,-4.5,-0.8333,ephem 4.2 (VSOP87 full series)
2026-01-22,06:15:55.928,08:12:19.643,12:32:03.876,18.851167,16:51:50.699,17:18:46.742,-17.7,-4.5,-0.8333,ephem 4.2 (VSOP87 full series)
2026-01-23,06:15:02.890,08:11:08.732,12:32:19.880,19.084816,16:53:33.577,17:20:23.404,-17.7,-4.5,-0.8333,ephem 4.2 (VSOP87 full series)
2026-01-24,06:14:07.342,08:09:55.316,12:32:34.784,19.324415,16:55:17.347,17:22:00.948,-17.7,-4.5,-0.8333,ephem 4.2 (VSOP87 full series)
2026-01-25,06:13:09.306,08:08:39.449,12:32:49.129,19.569856,16:57:01.934,17:23:39.309,-17.7,-4.5,-0.8333,ephem 4.2 (VSOP87 full series)
2026-01-26,06:12:08.805,08:07:21.189,12:33:02.629,19.821028,16:58:47.265,17:25:18.423,-17.7,-4.5,-0.8333,ephem 4.2 (VSOP87 full series)
2026-01-27,06:11:05.862,08:06:00.592,12:33:15.233,20.077819,17:00:33.272,17:26:58.231,-17.7,-4.5,-0.8333,ephem 4.2 (VSOP87 full series)
2026-01-28,06:10:00.504,08:04:37.717,12:33:27.005,20.340117,17:02:19.889,17:28:38.677,-17.7,-4.5,-0.8333,ephem 4.2 (VSOP87 full series)
2026-01-29,06:08:52.760,08:03:12.622,12:33:37.881,20.607813,17:04:07.054,17:30:19.708,-17.7,-4.5,-0.8333,ephem 4.2 (VSOP87 full series)
2026-01-30,06:07:42.657,08:01:45.367,12:33:48.029,20.880795,17:05:54.710,17:32:01.276,-17.7,-4.5,-0.8333,ephem 4.2 (VSOP87 full series)
2026-01-31,06:06:30.225,08:00:16.010,12:33:57.346,21.158953,17:07:42.804,17:33:43.334,-17.7,-4.5,-0.8333,ephem 4.2 (VSOP87 full series)
2026-02-01,06:05:15.494,07:58:44.608,12:34:05.792,21.442182,17:09:31.287,17:35:25.841,-17.7,-4.5,-0.8333,ephem 4.2 (VSOP87 full series)
2026-02-02,06:03:58.493,07:57:11.217,12:34:13.396,21.730378,17:11:20.112,17:37:08.758,-17.7,-4.5,-0.8333,ephem 4.2 (VSOP87 full series)
2026-02-03,06:02:39.250,07:55:35.891,12:34:20.175,22.023440,17:13:09.237,17:38:52.049,-17.7,-4.5,-0.8333,ephem 4.2 (VSOP87 full series)
2026-02-04,06:01:17.793,07:53:58.685,12:34:26.146,22.321263,17:14:58.620,17:40:35.679,-17.7,-4.5,-0.8333,ephem 4.2 (VSOP87 full series)
2026-02-05,05:59:54.152,07:52:19.651,12:34:31.212,22.623745,17:16:48.222,17:42:19.614,-17.7,-4.5,-0.8333,ephem 4.2 (VSOP87 full series)
2026-02-06,05:58:28.356,07:50:38.843,12:34:35.599,22.930776,17:18:38.004,17:44:03.821,-17.7,-4.5,-0.8333,ephem 4.2 (VSOP87 full series)
2026-02-07,05:57:00.433,07:48:56.313,12:34:39.184,23.242248,17:20:27.927,17:45:48.267,-17.7,-4.5,-0.8333,ephem 4.2 (VSOP87 full series)
2026-02-08,05:55:30.412,07:47:12.112,12:34:41.984,23.558050,17:22:17.955,17:47:32.921,-17.7,-4.5,-0.8333,ephem 4.2 (VSOP87 full series)
2026-02-09,05:53:58.321,07:45:26.291,12:34:44.003,23.878066,17:24:08.051,17:49:17.751,-17.7,-4.5,-0.8333,ephem 4.2 (VSOP87 full series)
2026-02-10,05:52:24.189,07:43:38.899,12:34:45.241,24.202183,17:25:58.180,17:51:02.728,-17.7,-4.5,-0.8333,ephem 4.2 (VSOP87 full series)
2026-02-11,05:50:48.045,07:41:49.985,12:34:45.709,24.530283,17:27:48.309,17:52:47.822,-17.7,-4.5,-0.8333,ephem 4.2 (VSOP87 full series)
2026-02-12,05:49:09.917,07:39:59.599,12:34:45.419,24.862247,17:29:38.406,17:54:33.004,-17.7,-4.5,-0.8333,ephem 4.2 (VSOP87 full series)
2026-02-13,05:47:29.832,07:38:07.787,12:34:44.377,25.197958,17:31:28.439,17:56:18.250,-17.7,-4.5,-0.8333,ephem 4.2 (VSOP87 full series)
2026-02-14,05:45:47.819,07:36:14.595,12:34:42.590,25.537297,17:33:18.380,17:58:03.532,-17.7,-4.5,-0.8333,ephem 4.2 (VSOP87 full series)
2026-02-15,05:44:03.904,07:34:20.070,12:34:40.068,25.880140,17:35:08.200,17:59:48.826,-17.7,-4.5,-0.8333,ephem 4.2 (VSOP87 full series)
2026-02-16,05:42:18.114,07:32:24.254,12:34:36.822,26.226369,17:36:57.873,18:01:34.109,-17.7,-4.5,-0.8333,ephem 4.2 (VSOP87 full series)
2026-02-17,05:40:30.475,07:30:27.193,12:34:32.855,26.575863,17:38:47.374,18:03:19.359,-17.7,-4.5,-0.8333,ephem 4.2 (VSOP87 full series)
2026-02-18,05:38:41.015,07:28:28.928,12:34:28.313,26.928499,17:40:36.678,18:05:04.556,-17.7,-4.5,-0.8333,ephem 4.2 (VSOP87 full series)
2026-02-19,05:36:49.756,07:26:29.500,12:34:22.979,27.284159,17:42:25.764,18:06:49.679,-17.7,-4.5,-0.8333,ephem 4.2 (VSOP87 full series)
2026-02-20,05:34:56.726,07:24:28.951,12:34:16.962,27.642720,17:44:14.612,18:08:34.711,-17.7,-4.5,-0.8333,ephem 4.2 (VSOP87 full series)
2026-02-21,05:33:01.948,07:22:27.320,12:34:10.274,28.004062,17:46:03.205,18:10:19.638,-17.7,-4.5,-0.8333,ephem 4.2 (VSOP87 full series)
2026-02-22,05:31:05.449,07:20:24.647,12:34:02.926,28.368067,17:47:51.526,18:12:04.445,-17.7,-4.5,-0.8333,ephem 4.2 (VSOP87 full series)
2026-02-23,05:29:07.253,07:18:20.973,12:33:54.895,28.734613,17:49:39.562,18:13:49.121,-17.7,-4.5,-0.8333,ephem 4.2 (VSOP87 full series)
2026-02-24,05:27:07.386,07:16:16.337,12:33:46.205,29.103583,17:51:27.303,18:15:33.658,-17.7,-4.5,-0.8333,ephem 4.2 (VSOP87 full series)
2026-02-25,05:25:05.876,07:14:10.781,12:33:36.898,29.474858,17:53:14.741,18:17:18.049,-17.7,-4.5,-0.8333,ephem 4.2 (VSOP87 full series)
2026-02-26,05:23:02.749,07:12:04.343,12:33:27.343,29.848326,17:55:01.871,18:19:02.292,-17.7,-4.5,-0.8333,ephem 4.2 (VSOP87 full series)
2026-02-27,05:20:58.032,07:09:57.065,12:33:16.719,30.223871,17:56:48.692,18:20:46.386,-17.7,-4.5,-0.8333,ephem 4.2 (VSOP87 full series)
2026-02-28,05:18:51.749,07:07:48.984,12:33:05.744,30.601389,17:58:35.204,18:22:30.334,-17.7,-4.5,-0.8333,ephem 4.2 (VSOP87 full series)
2026-03-01,05:16:43.927,07:05:40.139,12:32:54.194,30.980772,18:00:21.414,18:24:14.142,-17.7,-4.5,-0.8333,ephem 4.2 (VSOP87 full series)
2026-03-02,05:14:34.590,07:03:30.567,12:32:42.070,31.361920,18:02:07.327,18:25:57.818,-17.7,-4.5,-0.8333,ephem 4.2 (VSOP87 full series)
2026-03-03,05:12:23.761,07:01:20.305,12:32:29.597,31.744735,18:03:52.951,18:27:41.370,-17.7,-4.5,-0.8333,ephem 4.2 (VSOP87 full series)
2026-03-04,05:10:11.464,06:59:09.389,12:32:16.608,32.129121,18:05:38.296,18:29:24.810,-17.7,-4.5,-0.8333,ephem 4.2 (VSOP87 full series)
2026-03-05,05:07:57.720,06:56:57.853,12:32:03.174,32.514979,18:07:23.371,18:31:08.148,-17.7,-4.5,-0.8333,ephem 4.2 (VSOP87 full series)
2026-03-06,05:05:42.550,06:54:45.733,12:31:49.225,32.902206,18:09:08.186,18:32:51.393,-17.7,-4.5,-0.8333,ephem 4.2 (VSOP87 full series)
2026-03-07,05:03:25.976,06:52:33.062,12:31:34.843,33.290707,18:10:52.750,18:34:34.557,-17.7,-4.5,-0.8333,ephem 4.2 (VSOP87 full series)
2026-03-08,05:01:08.019,06:50:19.876,12:31:20.301,33.680377,18:12:37.072,18:36:17.649,-17.7,-4.5,-0.8333,ephem 4.2 (VSOP87 full series)
2026-03-09,04:58:48.698,06:48:06.209,12:31:05.298,34.071118,18:14:21.161,18:38:00.678,-17.7,-4.5,-0.8333,ephem 4.2 (VSOP87 full series)
2026-03-10,04:56:28.034,06:45:52.093,12:30:49.865,34.462819,18:16:05.025,18:39:43.654,-17.7,-4.5,-0.8333,ephem 4.2 (VSOP87 full series)
2026-03-11,04:54:06.045,06:43:37.562,12:30:34.075,34.855381,18:17:48.673,18:41:26.586,-17.7,-4.5,-0.8333,ephem 4.2 (VSOP87 full series)
2026-03-12,04:51:42.750,06:41:22.649,12:30:18.227,35.248694,18:19:32.111,18:43:09.481,-17.7,-4.5,-0.8333,ephem 4.2 (VSOP87 full series)
2026-03-13,04:49:18.166,06:39:07.386,12:30:01.986,35.642656,18:21:15.347,18:44:52.348,-17.7,-4.5,-0.8333,ephem 4.2 (VSOP87 full series)
2026-03-14,04:46:52.311,06:36:51.806,12:29:45.362,36.037154,18:22:58.389,18:46:35.195,-17.7,-4.5,-0.8333,ephem 4.2 (VSOP87 full series)
2026-03-15,04:44:25.200,06:34:35.939,12:29:28.639,36.432086,18:24:41.242,18:48:18.028,-17.7,-4.5,-0.8333,ephem 4.2 (VSOP87 full series)
2026-03-16,04:41:56.851,06:32:19.819,12:29:11.685,36.827338,18:26:23.912,18:50:00.854,-17.7,-4.5,-0.8333,ephem 4.2 (VSOP87 full series)
2026-03-17,04:39:27.277,06:30:03.473,12:28:54.477,37.222803,18:28:06.405,18:51:43.678,-17.7,-4.5,-0.8333,ephem 4.2 (VSOP87 full series)
2026-03-18,04:36:56.491,06:27:46.934,12:28:36.968,37.618373,18:29:48.724,18:53:26.505,-17.7,-4.5,-0.8333,ephem 4.2 (VSOP87 full series)
2026-03-19,04:34:24.507,06:25:30.230,12:28:19.556,38.013940,18:31:30.875,18:55:09.340,-17.7,-4.5,-0.8333,ephem 4.2 (VSOP87 full series)
2026-03-20,04:31:51.336,06:23:13.389,12:28:01.897,38.409391,18:33:12.861,18:56:52.189,-17.7,-4.5,-0.8333,ephem 4.2 (VSOP87 full series)
2026-03-21,04:29:16.988,06:20:56.440,12:27:43.937,38.804627,18:34:54.687,18:58:35.055,-17.7,-4.5,-0.8333,ephem 4.2 (VSOP87 full series)
2026-03-22,04:26:41.474,06:18:39.411,12:27:26.051,39.199531,18:36:36.357,19:00:17.944,-17.7,-4.5,-0.8333,ephem 4.2 (VSOP87 full series)
2026-03-23,04:24:04.803,06:16:22.332,12:27:08.033,39.594002,18:38:17.876,19:02:00.860,-17.7,-4.5,-0.8333,ephem 4.2 (VSOP87 full series)
2026-03-24,04:21:26.986,06:14:05.231,12:26:49.822,39.987930,18:39:59.249,19:03:43.810,-17.7,-4.5,-0.8333,ephem 4.2 (VSOP87 full series)
2026-03-25,04:18:48.033,06:11:48.139,12:26:31.471,40.381212,18:41:40.484,19:05:26.801,-17.7,-4.5,-0.8333,ephem 4.2 (VSOP87 full series)
2026-03-26,04:16:07.952,06:09:31.087,12:26:13.419,40.773743,18:43:21.587,19:07:09.840,-17.7,-4.5,-0.8333,ephem 4.2 (VSOP87 full series)
2026-03-27,04:13:26.753,06:07:14.104,12:25:55.124,41.165424,18:45:02.570,19:08:52.939,-17.7,-4.5,-0.8333,ephem 4.2 (VSOP87 full series)
2026-03-28,04:10:44.443,06:04:57.222,12:25:36.684,41.556158,18:46:43.444,19:10:36.110,-17.7,-4.5,-0.8333,ephem 4.2 (VSOP87 full series)
2026-03-29,05:08:01.031,07:02:40.472,13:25:18.569,41.945851,19:48:24.222,20:12:19.366,-17.7,-4.5,-0.8333,ephem 4.2 (VSOP87 full series)
2026-03-30,05:05:16.520,07:00:23.885,13:25:00.380,42.334417,19:50:04.918,20:14:02.721,-17.7,-4.5,-0.8333,ephem 4.2 (VSOP87 full series)
2026-03-31,05:02:30.916,06:58:07.491,13:24:42.058,42.721771,19:51:45.548,20:15:46.190,-17.7,-4.5,-0.8333,ephem 4.2 (VSOP87 full series)
2026-04-01,04:59:44.221,06:55:51.322,13:24:24.081,43.107817,19:53:26.124,20:17:29.789,-17.7,-4.5,-0.8333,ephem 4.2 (VSOP87 full series)
2026-04-02,04:56:56.437,06:53:35.409,13:24:06.151,43.492476,19:55:06.661,20:19:13.531,-17.7,-4.5,-0.8333,ephem 4.2 (VSOP87 full series)
2026-04-03,04:54:07.565,06:51:19.783,13:23:48.218,43.875656,19:56:47.172,20:20:57.429,-17.7,-4.5,-0.8333,ephem 4.2 (VSOP87 full series)
2026-04-04,04:51:17.604,06:49:04.475,13:23:30.365,44.257273,19:58:27.667,20:22:41.494,-17.7,-4.5,-0.8333,ephem 4.2 (VSOP87 full series)
2026-04-05,04:48:26.553,06:46:49.518,13:23:13.095,44.637236,20:00:08.157,20:24:25.737,-17.7,-4.5,-0.8333,ephem 4.2 (VSOP87 full series)
2026-04-06,04:45:34.409,06:44:34.944,13:22:55.767,45.015455,20:01:48.650,20:26:10.166,-17.7,-4.5,-0.8333,ephem 4.2 (VSOP87 full series)
2026-04-07,04:42:41.168,06:42:20.787,13:22:38.488,45.391832,20:03:29.153,20:27:54.788,-17.7,-4.5,-0.8333,ephem 4.2 (VSOP87 full series)
2026-04-08,04:39:46.826,06:40:07.079,13:22:21.775,45.766280,20:05:09.672,20:29:39.609,-17.7,-4.5,-0.8333,ephem 4.2 (VSOP87 full series)
2026-04-09,04:36:51.376,06:37:53.855,13:22:05.200,46.138703,20:06:50.209,20:31:24.632,-17.7,-4.5,-0.8333,ephem 4.2 (VSOP87 full series)
2026-04-10,04:33:54.810,06:35:41.148,13:21:48.753,46.509005,20:08:30.769,20:33:09.860,-17.7,-4.5,-0.8333,ephem 4.2 (VSOP87 full series)
2026-04-11,04:30:57.119,06:33:28.993,13:21:32.538,46.877088,20:10:11.350,20:34:55.292,-17.7,-4.5,-0.8333,ephem 4.2 (VSOP87 full series)
2026-04-12,04:27:58.291,06:31:17.425,13:21:17.025,47.242858,20:11:51.951,20:36:40.927,-17.7,-4.5,-0.8333,ephem 4.2 (VSOP87 full series)
2026-04-13,04:24:58.312,06:29:06.479,13:21:01.645,47.606214,20:13:32.568,20:38:26.761,-17.7,-4.5,-0.8333,ephem 4.2 (VSOP87 full series)
2026-04-14,04:21:57.168,06:26:56.190,13:20:46.411,47.967053,20:15:13.194,20:40:12.785,-17.7,-4.5,-0.8333,ephem 4.2 (VSOP87 full series)
2026-04-15,04:18:54.838,06:24:46.591,13:20:31.522,48.325282,20:16:53.822,20:41:58.991,-17.7,-4.5,-0.8333,ephem 4.2 (VSOP87 full series)
2026-04-16,04:15:51.302,06:22:37.719,13:20:17.405,48.680797,20:18:34.441,20:43:45.368,-17.7,-4.5,-0.8333,ephem 4.2 (VSOP87 full series)
2026-04-17,04:12:46.533,06:20:29.606,13:20:03.450,49.033498,20:20:15.038,20:45:31.902,-17.7,-4.5,-0.8333,ephem 4.2 (VSOP87 full series)
2026-04-18,04:09:40.502,06:18:22.286,13:19:49.731,49.383289,20:21:55.599,20:47:18.578,-17.7,-4.5,-0.8333,ephem 4.2 (VSOP87 full series)
2026-04-19,04:06:33.175,06:16:15.794,13:19:36.371,49.730071,20:23:36.109,20:49:05.378,-17.7,-4.5,-0.8333,ephem 4.2 (VSOP87 full series)
2026-04-20,04:03:24.516,06:14:10.163,13:19:23.753,50.073742,20:25:16.548,20:50:52.284,-17.7,-4.5,-0.8333,ephem 4.2 (VSOP87 full series)
2026-04-21,04:00:14.484,06:12:05.429,13:19:11.397,50.414210,20:26:56.900,20:52:39.274,-17.7,-4.5,-0.8333,ephem 4.2 (VSOP87 full series)
2026-04-22,03:57:03.037,06:10:01.629,13:18:59.447,50.751369,20:28:37.144,20:54:26.329,-17.7,-4.5,-0.8333,ephem 4.2 (VSOP87 full series)
2026-04-23,03:53:50.126,06:07:58.801,13:18:47.761,51.085123,20:30:17.262,20:56:13.426,-17.7,-4.5,-0.8333,ephem 4.2 (VSOP87 full series)
2026-04-24,03:50:35.698,06:05:56.985,13:18:36.522,51.415379,20:31:57.236,20:58:00.546,-17.7,-4.5,-0.8333,ephem 4.2 (VSOP87 full series)
2026-04-25,03:47:19.692,06:03:56.219,13:18:26.074,51.742047,20:33:37.048,20:59:47.667,-17.7,-4.5,-0.8333,ephem 4.2 (VSOP87 full series)
2026-04-26,03:44:02.040,06:01:56.545,13:18:15.926,52.065043,20:35:16.680,21:01:34.772,-17.7,-4.5,-0.8333,ephem 4.2 (VSOP87 full series)
2026-04-27,03:40:42.665,05:59:58.005,13:18:06.255,52.384276,20:36:56.116,21:03:21.838,-17.7,-4.5,-0.8333,ephem 4.2 (VSOP87 full series)
2026-04-28,03:37:21.479,05:58:00.638,13:17:57.026,52.699670,20:38:35.337,21:05:08.846,-17.7,-4.5,-0.8333,ephem 4.2 (VSOP87 full series)
2026-04-29,03:33:58.385,05:56:04.489,13:17:48.203,53.011144,20:40:14.324,21:06:55.772,-17.7,-4.5,-0.8333,ephem 4.2 (VSOP87 full series)
2026-04-30,03:30:33.272,05:54:09.600,13:17:40.238,53.318612,20:41:53.057,21:08:42.592,-17.7,-4.5,-0.8333,ephem 4.2 (VSOP87 full series)
2026-05-01,03:27:06.014,05:52:16.015,13:17:32.129,53.621998,20:43:31.513,21:10:29.279,-17.7,-4.5,-0.8333,ephem 4.2 (VSOP87 full series)
2026-05-02,03:23:36.469,05:50:23.778,13:17:25.277,53.921219,20:45:09.665,21:12:15.804,-17.7,-4.5,-0.8333,ephem 4.2 (VSOP87 full series)
2026-05-03,03:20:04.476,05:48:32.936,13:17:18.719,54.216194,20:46:47.488,21:14:02.133,-17.7,-4.5,-0.8333,ephem 4.2 (VSOP87 full series)
2026-05-04,03:16:29.854,05:46:43.534,13:17:12.711,54.506843,20:48:24.949,21:15:48.232,-17.7,-4.5,-0.8333,ephem 4.2 (VSOP87 full series)
2026-05-05,03:12:52.392,05:44:55.620,13:17:07.264,54.793075,20:50:02.018,21:17:34.061,-17.7,-4.5,-0.8333,ephem 4.2 (VSOP87 full series)
2026-05-06,03:09:11.851,05:43:09.242,13:17:02.387,55.074810,20:51:38.658,21:19:19.580,-17.7,-4.5,-0.8333,ephem 4.2 (VSOP87 full series)
2026-05-07,03:05:27.951,05:41:24.448,13:16:58.048,55.351969,20:53:14.833,21:21:04.744,-17.7,-4.5,-0.8333,ephem 4.2 (VSOP87 full series)
2026-05-08,03:01:40.369,05:39:41.290,13:16:54.255,55.624456,20:54:50.502,21:22:49.506,-17.7,-4.5,-0.8333,ephem 4.2 (VSOP87 full series)
2026-05-09,02:57:48.724,05:37:59.816,13:16:51.052,55.892196,20:56:25.622,21:24:33.816,-17.7,-4.5,-0.8333,ephem 4.2 (VSOP87 full series)
2026-05-10,02:53:52.563,05:36:20.078,13:16:48.448,56.155097,20:58:00.149,21:26:17.619,-17.7,-4.5,-0.8333,ephem 4.2 (VSOP87 full series)
2026-05-11,02:49:51.348,05:34:42.127,13:16:46.445,56.413077,20:59:34.033,21:28:00.858,-17.7,-4.5,-0.8333,ephem 4.2 (VSOP87 full series)
2026-05-12,02:45:44.424,05:33:06.014,13:16:45.047,56.666043,21:01:07.221,21:29:43.472,-17.7,-4.5,-0.8333,ephem 4.2 (VSOP87 full series)
2026-05-13,02:41:30.989,05:31:31.790,13:16:44.243,56.913917,21:02:39.661,21:31:25.394,-17.7,-4.5,-0.8333,ephem 4.2 (VSOP87 full series)
2026-05-14,02:37:10.042,05:29:59.504,13:16:44.036,57.156614,21:04:11.293,21:33:06.557,-17.7,-4.5,-0.8333,ephem 4.2 (VSOP87 full series)
2026-05-15,02:32:40.312,05:28:29.205,13:16:44.426,57.394052,21:05:42.058,21:34:46.890,-17.7,-4.5,-0.8333,ephem 4.2 (VSOP87 full series)
2026-05-16,02:28:00.152,05:27:00.940,13:16:45.391,57.626149,21:07:11.892,21:36:26.317,-17.7,-4.5,-0.8333,ephem 4.2 (VSOP87 full series)
2026-05-17,02:23:07.366,05:25:34.756,13:16:46.938,57.852829,21:08:40.731,21:38:04.760,-17.7,-4.5,-0.8333,ephem 4.2 (VSOP87 full series)
2026-05-18,02:17:58.933,05:24:10.697,13:16:49.051,58.074011,21:10:08.507,21:39:42.140,-17.7,-4.5,-0.8333,ephem 4.2 (VSOP87 full series)
2026-05-19,02:12:30.509,05:22:48.810,13:16:51.716,58.289620,21:11:35.150,21:41:18.372,-17.7,-4.5,-0.8333,ephem 4.2 (VSOP87 full series)
2026-05-20,02:06:35.473,05:21:29.143,13:16:54.918,58.499573,21:13:00.591,21:42:53.371,-17.7,-4.5,-0.8333,ephem 4.2 (VSOP87 full series)
2026-05-21,02:00:02.839,05:20:11.742,13:16:58.650,58.703803,21:14:24.759,21:44:27.054,-17.7,-4.5,-0.8333,ephem 4.2 (VSOP87 full series)
2026-05-22,01:43:12.866,05:18:56.656,13:17:02.858,58.902233,21:15:47.585,21:45:59.334,-17.7,-4.5,-0.8333,ephem 4.2 (VSOP87 full series)
2026-05-23,01:28:16.820,05:17:43.933,13:17:07.517,59.094797,21:17:09.001,21:47:30.129,-17.7,-4.5,-0.8333,ephem 4.2 (VSOP87 full series)
2026-05-24,,05:16:33.621,13:17:12.669,59.281425,21:18:28.941,21:48:59.356,-17.7,-4.5,-0.8333,ephem 4.2 (VSOP87 full series)
2026-05-25,,05:15:25.766,13:17:18.308,59.462063,21:19:47.340,21:50:26.933,-17.7,-4.5,-0.8333,ephem 4.2 (VSOP87 full series)
2026-05-26,,05:14:20.416,13:17:24.406,59.636656,21:21:04.133,21:51:52.778,-17.7,-4.5,-0.8333,ephem 4.2 (VSOP87 full series)
2026-05-27,,05:13:17.617,13:17:30.602,59.805143,21:22:19.255,21:53:16.808,-17.7,-4.5,-0.8333,ephem 4.2 (VSOP87 full series)
2026-05-28,,05:12:17.414,13:17:37.770,59.967476,21:23:32.642,21:54:38.942,-17.7,-4.5,-0.8333,ephem 4.2 (VSOP87 full series)
2026-05-29,,05:11:19.852,13:17:45.407,60.123601,21:24:44.228,21:55:59.097,-17.7,-4.5,-0.8333,ephem 4.2 (VSOP87 full series)
2026-05-30,,05:10:24.975,13:17:53.488,60.273462,21:25:53.949,21:57:17.188,-17.7,-4.5,-0.8333,ephem 4.2 (VSOP87 full series)
2026-05-31,,05:09:32.825,13:18:01.947,60.417026,21:27:01.737,21:58:33.131,-17.7,-4.5,-0.8333,ephem 4.2 (VSOP87 full series)
2026-06-01,,05:08:43.445,13:18:10.666,60.554231,21:28:07.528,21:59:46.841,-17.7,-4.5,-0.8333,ephem 4.2 (VSOP87 full series)
2026-06-02,,05:07:56.874,13:18:19.778,60.685029,21:29:11.255,22:00:58.233,-17.7,-4.5,-0.8333,ephem 4.2 (VSOP87 full series)
2026-06-03,,05:07:13.152,13:18:29.268,60.809372,21:30:12.852,22:02:07.223,-17.7,-4.5,-0.8333,ephem 4.2 (VSOP87 full series)
2026-06-04,,05:06:32.316,13:18:38.921,60.927227,21:31:12.253,22:03:13.726,-17.7,-4.5,-0.8333,ephem 4.2 (VSOP87 full series)
2026-06-05,,05:05:54.402,13:18:49.380,61.038539,21:32:09.394,22:04:17.659,-17.7,-4.5,-0.8333,ephem 4.2 (VSOP87 full series)
2026-06-06,,05:05:19.443,13:19:00.180,61.143266,21:33:04.211,22:05:18.939,-17.7,-4.5,-0.8333,ephem 4.2 (VSOP87 full series)
2026-06-07,,05:04:47.471,13:19:11.038,61.241361,21:33:56.639,22:06:17.486,-17.7,-4.5,-0.8333,ephem 4.2 (VSOP87 full series)
2026-06-08,,05:04:18.516,13:19:22.198,61.332797,21:34:46.616,22:07:13.219,-17.7,-4.5,-0.8333,ephem 4.2 (VSOP87 full series)
2026-06-09,,05:03:52.602,13:19:33.287,61.417525,21:35:34.080,22:08:06.059,-17.7,-4.5,-0.8333,ephem 4.2 (VSOP87 full series)
2026-06-10,,05:03:29.752,13:19:45.278,61.495513,21:36:18.971,22:08:55.931,-17.7,-4.5,-0.8333,ephem 4.2 (VSOP87 full series)
2026-06-11,,05:03:09.983,13:19:57.532,61.566731,21:37:01.230,22:09:42.760,-17.7,-4.5,-0.8333,ephem 4.2 (VSOP87 full series)
2026-06-12,,05:02:53.306,13:20:09.745,61.631153,21:37:40.799,22:10:26.476,-17.7,-4.5,-0.8333,ephem 4.2 (VSOP87 full series)
2026-06-13,,05:02:39.728,13:20:22.087,61.688759,21:38:17.624,22:11:07.011,-17.7,-4.5,-0.8333,ephem 4.2 (VSOP87 full series)
2026-06-14,,05:02:29.251,13:20:34.269,61.739521,21:38:51.650,22:11:44.301,-17.7,-4.5,-0.8333,ephem 4.2 (VSOP87 full series)
2026-06-15,,05:02:21.870,13:20:47.225,61.783432,21:39:22.827,22:12:18.284,-17.7,-4.5,-0.8333,ephem 4.2 (VSOP87 full series)
2026-06-16,,05:02:17.579,13:21:00.295,61.820479,21:39:51.105,22:12:48.903,-17.7,-4.5,-0.8333,ephem 4.2 (VSOP87 full series)
2026-06-17,,05:02:16.368,13:21:13.101,61.850648,21:40:16.438,22:13:16.103,-17.7,-4.5,-0.8333,ephem 4.2 (VSOP87 full series)
2026-06-18,,05:02:18.225,13:21:26.644,61.873919,21:40:38.785,22:13:39.836,-17.7,-4.5,-0.8333,ephem 4.2 (VSOP87 full series)
2026-06-19,,05:02:23.134,13:21:38.626,61.890291,21:40:58.107,22:14:00.062,-17.7,-4.5,-0.8333,ephem 4.2 (VSOP87 full series)
2026-06-20,,05:02:31.078,13:21:51.831,61.899757,21:41:14.374,22:14:16.747,-17.7,-4.5,-0.8333,ephem 4.2 (VSOP87 full series)
2026-06-21,,05:02:42.036,13:22:04.888,61.902325,21:41:27.560,22:14:29.863,-17.7,-4.5,-0.8333,ephem 4.2 (VSOP87 full series)
2026-06-22,,05:02:55.983,13:22:17.666,61.897995,21:41:37.646,22:14:39.392,-17.7,-4.5,-0.8333,ephem 4.2 (VSOP87 full series)
2026-06-23,,05:03:12.893,13:22:29.932,61.886773,21:41:44.615,22:14:45.320,-17.7,-4.5,-0.8333,ephem 4.2 (VSOP87 full series)
2026-06-24,,05:03:32.736,13:22:42.857,61.868673,21:41:48.456,22:14:47.640,-17.7,-4.5,-0.8333,ephem 4.2 (VSOP87 full series)
2026-06-25,,05:03:55.481,13:22:55.661,61.843716,21:41:49.162,22:14:46.351,-17.7,-4.5,-0.8333,ephem 4.2 (VSOP87 full series)
2026-06-26,,05:04:21.091,13:23:08.113,61.811907,21:41:46.730,22:14:41.454,-17.7,-4.5,-0.8333,ephem 4.2 (VSOP87 full series)
2026-06-27,,05:04:49.530,13:23:20.289,61.773276,21:41:41.160,22:14:32.958,-17.7,-4.5,-0.8333,ephem 4.2 (VSOP87 full series)
2026-06-28,,05:05:20.758,13:23:31.897,61.727828,21:41:32.454,22:14:20.876,-17.7,-4.5,-0.8333,ephem 4.2 (VSOP87 full series)
2026-06-29,,05:05:54.732,13:23:43.991,61.675597,21:41:20.618,22:14:05.224,-17.7,-4.5,-0.8333,ephem 4.2 (VSOP87 full series)
2026-06-30,,05:06:31.406,13:23:55.858,61.616598,21:41:05.661,22:13:46.021,-17.7,-4.5,-0.8333,ephem 4.2 (VSOP87 full series)
2026-07-01,,05:07:10.734,13:24:07.298,61.550858,21:40:47.595,22:13:23.294,-17.7,-4.5,-0.8333,ephem 4.2 (VSOP87 full series)
2026-07-02,,05:07:52.666,13:24:18.368,61.478403,21:40:26.434,22:12:57.069,-17.7,-4.5,-0.8333,ephem 4.2 (VSOP87 full series)
2026-07-03,,05:08:37.152,13:24:29.168,61.399255,21:40:02.195,22:12:27.379,-17.7,-4.5,-0.8333,ephem 4.2 (VSOP87 full series)
2026-07-04,,05:09:24.138,13:24:39.477,61.313440,21:39:34.899,22:11:54.259,-17.7,-4.5,-0.8333,ephem 4.2 (VSOP87 full series)
2026-07-05,,05:10:13.571,13:24:49.928,61.221000,21:39:04.568,22:11:17.747,-17.7,-4.5,-0.8333,ephem 4.2 (VSOP87 full series)
2026-07-06,,05:11:05.395,13:25:00.050,61.121956,21:38:31.226,22:10:37.885,-17.7,-4.5,-0.8333,ephem 4.2 (VSOP87 full series)
2026-07-07,,05:11:59.550,13:25:09.568,61.016341,21:37:54.900,22:09:54.717,-17.7,-4.5,-0.8333,ephem 4.2 (VSOP87 full series)
2026-07-08,,05:12:55.976,13:25:18.728,60.904203,21:37:15.621,22:09:08.291,-17.7,-4.5,-0.8333,ephem 4.2 (VSOP87 full series)
2026-07-09,,05:13:54.607,13:25:27.519,60.785569,21:36:33.419,22:08:18.656,-17.7,-4.5,-0.8333,ephem 4.2 (VSOP87 full series)
2026-07-10,,05:14:55.376,13:25:35.635,60.660501,21:35:48.328,22:07:25.865,-17.7,-4.5,-0.8333,ephem 4.2 (VSOP87 full series)
2026-07-11,,05:15:58.212,13:25:43.803,60.529048,21:35:00.383,22:06:29.971,-17.7,-4.5,-0.8333,ephem 4.2 (VSOP87 full series)
2026-07-12,,05:17:03.040,13:25:51.524,60.391255,21:34:09.620,22:05:31.031,-17.7,-4.5,-0.8333,ephem 4.2 (VSOP87 full series)
2026-07-13,,05:18:09.784,13:25:58.787,60.247193,21:33:16.078,22:04:29.101,-17.7,-4.5,-0.8333,ephem 4.2 (VSOP87 full series)
2026-07-14,,05:19:18.364,13:26:05.432,60.096922,21:32:19.794,22:03:24.237,-17.7,-4.5,-0.8333,ephem 4.2 (VSOP87 full series)
2026-07-15,,05:20:28.704,13:26:11.550,59.940497,21:31:20.807,22:02:16.498,-17.7,-4.5,-0.8333,ephem 4.2 (VSOP87 full series)
2026-07-16,,05:21:40.727,13:26:17.158,59.777980,21:30:19.157,22:01:05.941,-17.7,-4.5,-0.8333,ephem 4.2 (VSOP87 full series)
2026-07-17,,05:22:54.355,13:26:22.228,59.609438,21:29:14.886,21:59:52.627,-17.7,-4.5,-0.8333,ephem 4.2 (VSOP87 full series)
2026-07-18,,05:24:09.515,13:26:26.765,59.434933,21:28:08.039,21:58:36.618,-17.7,-4.5,-0.8333,ephem 4.2 (VSOP87 full series)
2026-07-19,01:41:20.893,05:25:26.134,13:26:30.370,59.254534,21:26:58.663,21:57:17.978,-17.7,-4.5,-0.8333,ephem 4.2 (VSOP87 full series)
2026-07-20,01:54:47.290,05:26:44.140,13:26:33.858,59.068309,21:25:46.806,21:55:56.772,-17.7,-4.5,-0.8333,ephem 4.2 (VSOP87 full series)
2026-07-21,,05:28:03.463,13:26:36.753,58.876326,21:24:32.520,21:54:33.068,-17.7,-4.5,-0.8333,ephem 4.2 (VSOP87 full series)
2026-07-22,02:03:50.632,05:29:24.036,13:26:39.049,58.678667,21:23:15.855,21:53:06.933,-17.7,-4.5,-0.8333,ephem 4.2 (VSOP87 full series)
2026-07-23,02:11:15.997,05:30:45.793,13:26:40.738,58.475394,21:21:56.865,21:51:38.433,-17.7,-4.5,-0.8333,ephem 4.2 (VSOP87 full series)
2026-07-24,02:17:46.004,05:32:08.671,13:26:41.812,58.266588,21:20:35.601,21:50:07.637,-17.7,-4.5,-0.8333,ephem 4.2 (VSOP87 full series)
2026-07-25,02:23:39.316,05:33:32.609,13:26:42.280,58.052319,21:19:12.117,21:48:34.610,-17.7,-4.5,-0.8333,ephem 4.2 (VSOP87 full series)
2026-07-26,02:29:06.042,05:34:57.548,13:26:42.127,57.832653,21:17:46.466,21:46:59.419,-17.7,-4.5,-0.8333,ephem 4.2 (VSOP87 full series)
2026-07-27,02:34:12.362,05:36:23.431,13:26:41.360,57.607673,21:16:18.700,21:45:22.127,-17.7,-4.5,-0.8333,ephem 4.2 (VSOP87 full series)
2026-07-28,02:39:02.368,05:37:50.204,13:26:40.383,57.377455,21:14:48.870,21:43:42.800,-17.7,-4.5,-0.8333,ephem 4.2 (VSOP87 full series)
2026-07-29,02:43:38.927,05:39:17.812,13:26:37.971,57.142063,21:13:17.030,21:42:01.500,-17.7,-4.5,-0.8333,ephem 4.2 (VSOP87 full series)
2026-07-30,02:48:04.135,05:40:46.207,13:26:35.348,56.901572,21:11:43.229,21:40:18.290,-17.7,-4.5,-0.8333,ephem 4.2 (VSOP87 full series)
2026-07-31,02:52:19.576,05:42:15.341,13:26:32.115,56.656057,21:10:07.520,21:38:33.228,-17.7,-4.5,-0.8333,ephem 4.2 (VSOP87 full series)
2026-08-01,02:56:26.480,05:43:45.167,13:26:28.638,56.405587,21:08:29.951,21:36:46.376,-17.7,-4.5,-0.8333,ephem 4.2 (VSOP87 full series)
2026-08-02,03:00:25.825,05:45:15.644,13:26:24.269,56.150237,21:06:50.574,21:34:57.792,-17.7,-4.5,-0.8333,ephem 4.2 (VSOP87 full series)
2026-08-03,03:04:18.399,05:46:46.729,13:26:19.306,55.890075,21:05:09.436,21:33:07.532,-17.7,-4.5,-0.8333,ephem 4.2 (VSOP87 full series)
2026-08-04,03:08:04.851,05:48:18.383,13:26:13.764,55.625177,21:03:26.587,21:31:15.655,-17.7,-4.5,-0.8333,ephem 4.2 (VSOP87 full series)
2026-08-05,03:11:45.715,05:49:50.567,13:26:07.629,55.355616,21:01:42.076,21:29:22.216,-17.7,-4.5,-0.8333,ephem 4.2 (VSOP87 full series)
2026-08-06,03:15:21.443,05:51:23.242,13:26:00.921,55.081477,20:59:55.950,21:27:27.269,-17.7,-4.5,-0.8333,ephem 4.2 (VSOP87 full series)
2026-08-07,03:18:52.413,05:52:56.369,13:25:53.518,54.802839,20:58:08.257,21:25:30.870,-17.7,-4.5,-0.8333,ephem 4.2 (VSOP87 full series)
2026-08-08,03:22:18.947,05:54:29.907,13:25:45.532,54.519789,20:56:19.044,21:23:33.071,-17.7,-4.5,-0.8333,ephem 4.2 (VSOP87 full series)
2026-08-09,03:25:41.321,05:56:03.818,13:25:37.371,54.232416,20:54:28.358,21:21:33.924,-17.7,-4.5,-0.8333,ephem 4.2 (VSOP87 full series)
2026-08-10,03:28:59.772,05:57:38.061,13:25:28.180,53.940818,20:52:36.242,21:19:33.480,-17.7,-4.5,-0.8333,ephem 4.2 (VSOP87 full series)
2026-08-11,03:32:14.507,05:59:12.596,13:25:18.645,53.645081,20:50:42.740,21:17:31.786,-17.7,-4.5,-0.8333,ephem 4.2 (VSOP87 full series)
2026-08-12,03:35:25.708,06:00:47.386,13:25:08.549,53.345301,20:48:47.894,21:15:28.890,-17.7,-4.5,-0.8333,ephem 4.2 (VSOP87 full series)
2026-08-13,03:38:33.539,06:02:22.394,13:24:57.869,53.041569,20:46:51.745,21:13:24.836,-17.7,-4.5,-0.8333,ephem 4.2 (VSOP87 full series)
2026-08-14,03:41:38.145,06:03:57.587,13:24:46.481,52.733982,20:44:54.333,21:11:19.668,-17.7,-4.5,-0.8333,ephem 4.2 (VSOP87 full series)
2026-08-15,03:44:39.659,06:05:32.934,13:24:34.552,52.422624,20:42:55.699,21:09:13.431,-17.7,-4.5,-0.8333,ephem 4.2 (VSOP87 full series)
2026-08-16,03:47:38.203,06:07:08.405,13:24:22.477,52.107592,20:40:55.882,21:07:06.167,-17.7,-4.5,-0.8333,ephem 4.2 (VSOP87 full series)
2026-08-17,03:50:33.886,06:08:43.976,13:24:09.670,51.788977,20:38:54.923,21:04:57.921,-17.7,-4.5,-0.8333,ephem 4.2 (VSOP87 full series)
2026-08-18,03:53:26.812,06:10:19.623,13:23:56.276,51.466872,20:36:52.864,21:02:48.735,-17.7,-4.5,-0.8333,ephem 4.2 (VSOP87 full series)
2026-08-19,03:56:17.077,06:11:55.324,13:23:42.209,51.141369,20:34:49.744,21:00:38.653,-17.7,-4.5,-0.8333,ephem 4.2 (VSOP87 full series)
2026-08-20,03:59:04.771,06:13:31.063,13:23:27.955,50.812554,20:32:45.603,20:58:27.717,-17.7,-4.5,-0.8333,ephem 4.2 (VSOP87 full series)
2026-08-21,04:01:49.979,06:15:06.824,13:23:13.121,50.480521,20:30:40.482,20:56:15.967,-17.7,-4.5,-0.8333,ephem 4.2 (VSOP87 full series)
2026-08-22,04:04:32.781,06:16:42.593,13:22:57.784,50.145360,20:28:34.420,20:54:03.445,-17.7,-4.5,-0.8333,ephem 4.2 (VSOP87 full series)
2026-08-23,04:07:13.256,06:18:18.361,13:22:41.785,49.807157,20:26:27.455,20:51:50.191,-17.7,-4.5,-0.8333,ephem 4.2 (VSOP87 full series)
2026-08-24,04:09:51.476,06:19:54.118,13:22:25.668,49.465996,20:24:19.625,20:49:36.244,-17.7,-4.5,-0.8333,ephem 4.2 (VSOP87 full series)
2026-08-25,04:12:27.513,06:21:29.858,13:22:09.030,49.121969,20:22:10.967,20:47:21.643,-17.7,-4.5,-0.8333,ephem 4.2 (VSOP87 full series)
2026-08-26,04:15:01.434,06:23:05.578,13:21:51.870,48.775153,20:20:01.519,20:45:06.424,-17.7,-4.5,-0.8333,ephem 4.2 (VSOP87 full series)
2026-08-27,04:17:33.306,06:24:41.274,13:21:34.186,48.425638,20:17:51.316,20:42:50.625,-17.7,-4.5,-0.8333,ephem 4.2 (VSOP87 full series)
2026-08-28,04:20:03.193,06:26:16.948,13:21:16.560,48.073501,20:15:40.394,20:40:34.282,-17.7,-4.5,-0.8333,ephem 4.2 (VSOP87 full series)
2026-08-29,04:22:31.158,06:27:52.599,13:20:58.361,47.718823,20:13:28.788,20:38:17.429,-17.7,-4.5,-0.8333,ephem 4.2 (VSOP87 full series)
2026-08-30,04:24:57.264,06:29:28.234,13:20:39.604,47.361679,20:11:16.531,20:36:00.102,-17.7,-4.5,-0.8333,ephem 4.2 (VSOP87 full series)
2026-08-31,04:27:21.568,06:31:03.856,13:20:20.887,47.002155,20:09:03.658,20:33:42.335,-17.7,-4.5,-0.8333,ephem 4.2 (VSOP87 full series)
2026-09-01,04:29:44.130,06:32:39.471,13:20:01.764,46.640322,20:06:50.203,20:31:24.161,-17.7,-4.5,-0.8333,ephem 4.2 (VSOP87 full series)
2026-09-02,04:32:05.003,06:34:15.087,13:19:42.128,46.276270,20:04:36.198,20:29:05.614,-17.7,-4.5,-0.8333,ephem 4.2 (VSOP87 full series)
2026-09-03,04:34:24.240,06:35:50.708,13:19:22.540,45.910076,20:02:21.679,20:26:46.729,-17.7,-4.5,-0.8333,ephem 4.2 (VSOP87 full series)
2026-09-04,04:36:41.888,06:37:26.340,13:19:02.649,45.541833,20:00:06.677,20:24:27.537,-17.7,-4.5,-0.8333,ephem 4.2 (VSOP87 full series)
2026-09-05,04:38:57.991,06:39:01.985,13:18:42.523,45.171630,19:57:51.225,20:22:08.073,-17.7,-4.5,-0.8333,ephem 4.2 (VSOP87 full series)
2026-09-06,04:41:12.591,06:40:37.648,13:18:22.055,44.799559,19:55:35.357,20:19:48.369,-17.7,-4.5,-0.8333,ephem 4.2 (VSOP87 full series)
2026-09-07,04:43:25.724,06:42:13.327,13:18:01.550,44.425722,19:53:19.104,20:17:28.455,-17.7,-4.5,-0.8333,ephem 4.2 (VSOP87 full series)
2026-09-08,04:45:37.426,06:43:49.025,13:17:40.639,44.050216,19:51:02.496,20:15:08.364,-17.7,-4.5,-0.8333,ephem 4.2 (VSOP87 full series)
2026-09-09,04:47:47.730,06:45:24.742,13:17:19.895,43.673138,19:48:45.562,20:12:48.123,-17.7,-4.5,-0.8333,ephem 4.2 (VSOP87 full series)
2026-09-10,04:49:56.668,06:47:00.479,13:16:58.906,43.294585,19:46:28.332,20:10:27.763,-17.7,-4.5,-0.8333,ephem 4.2 (VSOP87 full series)
2026-09-11,04:52:04.272,06:48:36.236,13:16:37.567,42.914656,19:44:10.833,20:08:07.310,-17.7,-4.5,-0.8333,ephem 4.2 (VSOP87 full series)
2026-09-12,04:54:10.574,06:50:12.016,13:16:16.478,42.533449,19:41:53.095,20:05:46.793,-17.7,-4.5,-0.8333,ephem 4.2 (VSOP87 full series)
2026-09-13,04:56:15.605,06:51:47.822,13:15:55.126,42.151061,19:39:35.144,20:03:26.239,-17.7,-4.5,-0.8333,ephem 4.2 (VSOP87 full series)
2026-09-14,04:58:19.394,06:53:23.659,13:15:33.509,41.767587,19:37:17.009,20:01:05.676,-17.7,-4.5,-0.8333,ephem 4.2 (VSOP87 full series)
2026-09-15,05:00:21.974,06:54:59.531,13:15:12.227,41.383126,19:34:58.720,19:58:45.134,-17.7,-4.5,-0.8333,ephem 4.2 (VSOP87 full series)
2026-09-16,05:02:23.376,06:56:35.444,13:14:50.653,40.997777,19:32:40.304,19:56:24.640,-17.7,-4.5,-0.8333,ephem 4.2 (VSOP87 full series)
2026-09-17,05:04:23.630,06:58:11.406,13:14:29.121,40.611629,19:30:21.792,19:54:04.224,-17.7,-4.5,-0.8333,ephem 4.2 (VSOP87 full series)
2026-09-18,05:06:22.768,06:59:47.426,13:14:07.613,40.224784,19:28:03.212,19:51:43.913,-17.7,-4.5,-0.8333,ephem 4.2 (VSOP87 full series)
2026-09-19,05:08:20.823,07:01:23.513,13:13:45.971,39.837331,19:25:44.594,19:49:23.738,-17.7,-4.5,-0.8333,ephem 4.2 (VSOP87 full series)
2026-09-20,05:10:17.826,07:02:59.678,13:13:24.540,39.449369,19:23:25.968,19:47:03.727,-17.7,-4.5,-0.8333,ephem 4.2 (VSOP87 full series)
2026-09-21,05:12:13.810,07:04:35.933,13:13:03.140,39.060984,19:21:07.362,19:44:43.909,-17.7,-4.5,-0.8333,ephem 4.2 (VSOP87 full series)
2026-09-22,05:14:08.807,07:06:12.290,13:12:41.633,38.672275,19:18:48.807,19:42:24.314,-17.7,-4.5,-0.8333,ephem 4.2 (VSOP87 full series)
2026-09-23,05:16:02.851,07:07:48.762,13:12:20.471,38.283330,19:16:30.333,19:40:04.971,-17.7,-4.5,-0.8333,ephem 4.2 (VSOP87 full series)
2026-09-24,05:17:55.974,07:09:25.365,13:11:59.365,37.894234,19:14:11.969,19:37:45.909,-17.7,-4.5,-0.8333,ephem 4.2 (VSOP87 full series)
2026-09-25,05:19:48.211,07:11:02.114,13:11:38.202,37.505081,19:11:53.745,19:35:27.157,-17.7,-4.5,-0.8333,ephem 4.2 (VSOP87 full series)
2026-09-26,05:21:39.595,07:12:39.026,13:11:17.502,37.115955,19:09:35.691,19:33:08.746,-17.7,-4.5,-0.8333,ephem 4.2 (VSOP87 full series)
2026-09-27,05:23:30.162,07:14:16.118,13:10:56.877,36.726935,19:07:17.837,19:30:50.704,-17.7,-4.5,-0.8333,ephem 4.2 (VSOP87 full series)
2026-09-28,05:25:19.947,07:15:53.409,13:10:36.312,36.338112,19:05:00.213,19:28:33.061,-17.7,-4.5,-0.8333,ephem 4.2 (VSOP87 full series)
2026-09-29,05:27:08.983,07:17:30.918,13:10:16.280,35.949570,19:02:42.850,19:26:15.848,-17.7,-4.5,-0.8333,ephem 4.2 (VSOP87 full series)
2026-09-30,05:28:57.304,07:19:08.661,13:09:56.367,35.561394,19:00:25.780,19:23:59.095,-17.7,-4.5,-0.8333,ephem 4.2 (VSOP87 full series)
2026-10-01,05:30:44.939,07:20:46.654,13:09:36.607,35.173674,18:58:09.035,19:21:42.835,-17.7,-4.5,-0.8333,ephem 4.2 (VSOP87 full series)
2026-10-02,05:32:31.919,07:22:24.912,13:09:17.441,34.786509,18:55:52.647,19:19:27.099,-17.7,-4.5,-0.8333,ephem 4.2 (VSOP87 full series)
2026-10-03,05:34:18.267,07:24:03.446,13:08:58.486,34.399992,18:53:36.649,19:17:11.919,-17.7,-4.5,-0.8333,ephem 4.2 (VSOP87 full series)
2026-10-04,05:36:04.008,07:25:42.266,13:08:39.745,34.014233,18:51:21.074,19:14:57.329,-17.7,-4.5,-0.8333,ephem 4.2 (VSOP87 full series)
2026-10-05,05:37:49.162,07:27:21.378,13:08:21.614,33.629331,18:49:05.956,19:12:43.361,-17.7,-4.5,-0.8333,ephem 4.2 (VSOP87 full series)
2026-10-06,05:39:33.746,07:29:00.788,13:08:03.807,33.245393,18:46:51.327,19:10:30.047,-17.7,-4.5,-0.8333,ephem 4.2 (VSOP87 full series)
2026-10-07,05:41:17.777,07:30:40.498,13:07:46.299,32.862530,18:44:37.219,19:08:17.417,-17.7,-4.5,-0.8333,ephem 4.2 (VSOP87 full series)
2026-10-08,05:43:01.269,07:32:20.511,13:07:29.345,32.480848,18:42:23.664,19:06:05.505,-17.7,-4.5,-0.8333,ephem 4.2 (VSOP87 full series)
2026-10-09,05:44:44.236,07:34:00.826,13:07:12.829,32.100455,18:40:10.695,19:03:54.339,-17.7,-4.5,-0.8333,ephem 4.2 (VSOP87 full series)
2026-10-10,05:46:26.691,07:35:41.445,13:06:56.749,31.721458,18:37:58.341,19:01:43.952,-17.7,-4.5,-0.8333,ephem 4.2 (VSOP87 full series)
2026-10-11,05:48:08.644,07:37:22.365,13:06:41.040,31.343967,18:35:46.637,18:59:34.374,-17.7,-4.5,-0.8333,ephem 4.2 (VSOP87 full series)
2026-10-12,05:49:50.108,07:39:03.585,13:06:26.013,30.968088,18:33:35.614,18:57:25.637,-17.7,-4.5,-0.8333,ephem 4.2 (VSOP87 full series)
2026-10-13,05:51:31.090,07:40:45.103,13:06:11.433,30.593934,18:31:25.305,18:55:17.773,-17.7,-4.5,-0.8333,ephem 4.2 (VSOP87 full series)
2026-10-14,05:53:11.603,07:42:26.914,13:05:57.358,30.221610,18:29:15.746,18:53:10.816,-17.7,-4.5,-0.8333,ephem 4.2 (VSOP87 full series)
2026-10-15,05:54:51.653,07:44:09.016,13:05:43.740,29.851229,18:27:06.971,18:51:04.799,-17.7,-4.5,-0.8333,ephem 4.2 (VSOP87 full series)
2026-10-16,05:56:31.252,07:45:51.404,13:05:30.690,29.482897,18:24:59.016,18:48:59.757,-17.7,-4.5,-0.8333,ephem 4.2 (VSOP87 full series)
2026-10-17,05:58:10.405,07:47:34.074,13:05:18.428,29.116724,18:22:51.917,18:46:55.725,-17.7,-4.5,-0.8333,ephem 4.2 (VSOP87 full series)
2026-10-18,05:59:49.123,07:49:17.020,13:05:06.633,28.752819,18:20:45.712,18:44:52.738,-17.7,-4.5,-0.8333,ephem 4.2 (VSOP87 full series)
2026-10-19,06:01:27.411,07:51:00.236,13:04:55.408,28.391288,18:18:40.438,18:42:50.833,-17.7,-4.5,-0.8333,ephem 4.2 (VSOP87 full series)
2026-10-20,06:03:05.277,07:52:43.716,13:04:44.756,28.032240,18:16:36.136,18:40:50.048,-17.7,-4.5,-0.8333,ephem 4.2 (VSOP87 full series)
2026-10-21,06:04:42.729,07:54:27.453,13:04:34.747,27.675783,18:14:32.844,18:38:50.420,-17.7,-4.5,-0.8333,ephem 4.2 (VSOP87 full series)
2026-10-22,06:06:19.772,07:56:11.439,13:04:25.557,27.322022,18:12:30.603,18:36:51.987,-17.7,-4.5,-0.8333,ephem 4.2 (VSOP87 full series)
2026-10-23,06:07:56.414,07:57:55.667,13:04:16.942,26.971058,18:10:29.454,18:34:54.790,-17.7,-4.5,-0.8333,ephem 4.2 (VSOP87 full series)
2026-10-24,06:09:32.662,07:59:40.130,13:04:09.015,26.622997,18:08:29.439,18:32:58.867,-17.7,-4.5,-0.8333,ephem 4.2 (VSOP87 full series)
2026-10-25,05:11:08.523,07:01:24.821,12:04:01.795,26.277937,17:06:30.601,17:31:04.259,-17.7,-4.5,-0.8333,ephem 4.2 (VSOP87 full series)
2026-10-26,05:12:44.005,07:03:09.730,12:03:55.261,25.935977,17:04:32.985,17:29:11.008,-17.7,-4.5,-0.8333,ephem 4.2 (VSOP87 full series)
2026-10-27,05:14:19.114,07:04:54.849,12:03:49.465,25.597218,17:02:36.633,17:27:19.155,-17.7,-4.5,-0.8333,ephem 4.2 (VSOP87 full series)
2026-10-28,05:15:53.854,07:06:40.167,12:03:44.428,25.261762,17:00:41.594,17:25:28.744,-17.7,-4.5,-0.8333,ephem 4.2 (VSOP87 full series)
2026-10-29,05:17:28.228,07:08:25.670,12:03:40.176,24.929712,16:58:47.914,17:23:39.820,-17.7,-4.5,-0.8333,ephem 4.2 (VSOP87 full series)
2026-10-30,05:19:02.237,07:10:11.339,12:03:36.720,24.601180,16:56:55.642,17:21:52.428,-17.7,-4.5,-0.8333,ephem 4.2 (VSOP87 full series)
2026-10-31,05:20:35.876,07:11:57.154,12:03:34.073,24.276275,16:55:04.828,17:20:06.615,-17.7,-4.5,-0.8333,ephem 4.2 (VSOP87 full series)
2026-11-01,05:22:09.139,07:13:43.088,12:03:32.249,23.955114,16:53:15.525,17:18:22.428,-17.7,-4.5,-0.8333,ephem 4.2 (VSOP87 full series)
2026-11-02,05:23:42.016,07:15:29.114,12:03:31.260,23.637816,16:51:27.782,17:16:39.913,-17.7,-4.5,-0.8333,ephem 4.2 (VSOP87 full series)
2026-11-03,05:25:14.496,07:17:15.198,12:03:31.113,23.324497,16:49:41.651,17:14:59.119,-17.7,-4.5,-0.8333,ephem 4.2 (VSOP87 full series)
2026-11-04,05:26:46.562,07:19:01.303,12:03:31.815,23.015275,16:47:57.182,17:13:20.089,-17.7,-4.5,-0.8333,ephem 4.2 (VSOP87 full series)
2026-11-05,05:28:18.196,07:20:47.391,12:03:33.372,22.710270,16:46:14.425,17:11:42.870,-17.7,-4.5,-0.8333,ephem 4.2 (VSOP87 full series)
2026-11-06,05:29:49.380,07:22:33.418,12:03:35.788,22.409598,16:44:33.432,17:10:07.506,-17.7,-4.5,-0.8333,ephem 4.2 (VSOP87 full series)
2026-11-07,05:31:20.090,07:24:19.339,12:03:39.064,22.113378,16:42:54.250,17:08:34.041,-17.7,-4.5,-0.8333,ephem 4.2 (VSOP87 full series)
2026-11-08,05:32:50.303,07:26:05.106,12:03:43.204,21.821722,16:41:16.932,17:07:02.521,-17.7,-4.5,-0.8333,ephem 4.2 (VSOP87 full series)
2026-11-09,05:34:19.992,07:27:50.668,12:03:48.203,21.534750,16:39:41.527,17:05:32.989,-17.7,-4.5,-0.8333,ephem 4.2 (VSOP87 full series)
2026-11-10,05:35:49.131,07:29:35.973,12:03:54.062,21.252574,16:38:08.088,17:04:05.490,-17.7,-4.5,-0.8333,ephem 4.2 (VSOP87 full series)
2026-11-11,05:37:17.691,07:31:20.965,12:04:00.781,20.975309,16:36:36.666,17:02:40.069,-17.7,-4.5,-0.8333,ephem 4.2 (VSOP87 full series)
2026-11-12,05:38:45.642,07:33:05.586,12:04:08.311,20.703072,16:35:07.313,17:01:16.772,-17.7,-4.5,-0.8333,ephem 4.2 (VSOP87 full series)
2026-11-13,05:40:12.953,07:34:49.778,12:04:16.691,20.435970,16:33:40.084,16:59:55.644,-17.7,-4.5,-0.8333,ephem 4.2 (VSOP87 full series)
2026-11-14,05:41:39.591,07:36:33.479,12:04:25.919,20.174121,16:32:15.032,16:58:36.732,-17.7,-4.5,-0.8333,ephem 4.2 (VSOP87 full series)
2026-11-15,05:43:05.524,07:38:16.626,12:04:35.922,19.917632,16:30:52.211,16:57:20.081,-17.7,-4.5,-0.8333,ephem 4.2 (VSOP87 full series)
2026-11-16,05:44:30.717,07:39:59.153,12:04:46.887,19.666613,16:29:31.677,16:56:05.738,-17.7,-4.5,-0.8333,ephem 4.2 (VSOP87 full series)
2026-11-17,05:45:55.135,07:41:40.994,12:04:58.686,19.421173,16:28:13.485,16:54:53.748,-17.7,-4.5,-0.8333,ephem 4.2 (VSOP87 full series)
2026-11-18,05:47:18.741,07:43:22.080,12:05:11.249,19.181415,16:26:57.688,16:53:44.158,-17.7,-4.5,-0.8333,ephem 4.2 (VSOP87 full series)
2026-11-19,05:48:41.499,07:45:02.343,12:05:24.625,18.947443,16:25:44.344,16:52:37.013,-17.7,-4.5,-0.8333,ephem 4.2 (VSOP87 full series)
2026-11-20,05:50:03.373,07:46:41.713,12:05:38.754,18.719359,16:24:33.508,16:51:32.359,-17.7,-4.5,-0.8333,ephem 4.2 (VSOP87 full series)
2026-11-21,05:51:24.327,07:48:20.120,12:05:53.825,18.497257,16:23:25.236,16:50:30.242,-17.7,-4.5,-0.8333,ephem 4.2 (VSOP87 full series)
2026-11-22,05:52:44.325,07:49:57.494,12:06:09.638,18.281232,16:22:19.583,16:49:30.707,-17.7,-4.5,-0.8333,ephem 4.2 (VSOP87 full series)
2026-11-23,05:54:03.332,07:51:33.765,12:06:26.201,18.071374,16:21:16.605,16:48:33.799,-17.7,-4.5,-0.8333,ephem 4.2 (VSOP87 full series)
2026-11-24,05:55:21.312,07:53:08.863,12:06:43.526,17.867771,16:20:16.357,16:47:39.563,-17.7,-4.5,-0.8333,ephem 4.2 (VSOP87 full series)
2026-11-25,05:56:38.228,07:54:42.716,12:07:01.738,17.670512,16:19:18.895,16:46:48.042,-17.7,-4.5,-0.8333,ephem 4.2 (VSOP87 full series)
2026-11-26,05:57:54.045,07:56:15.250,12:07:20.617,17.479684,16:18:24.275,16:45:59.282,-17.7,-4.5,-0.8333,ephem 4.2 (VSOP87 full series)
2026-11-27,05:59:08.720,07:57:46.389,12:07:40.213,17.295374,16:17:32.552,16:45:13.326,-17.7,-4.5,-0.8333,ephem 4.2 (VSOP87 full series)
2026-11-28,06:00:22.213,07:59:16.053,12:08:00.695,17.117680,16:16:43.783,16:44:30.219,-17.7,-4.5,-0.8333,ephem 4.2 (VSOP87 full series)
2026-11-29,06:01:34.478,08:00:44.161,12:08:21.911,16.946690,16:15:58.021,16:43:50.003,-17.7,-4.5,-0.8333,ephem 4.2 (VSOP87 full series)
2026-11-30,06:02:45.469,08:02:10.628,12:08:43.588,16.782495,16:15:15.320,16:43:12.716,-17.7,-4.5,-0.8333,ephem 4.2 (VSOP87 full series)
2026-12-01,06:03:55.139,08:03:35.370,12:09:06.180,16.625182,16:14:35.727,16:42:38.397,-17.7,-4.5,-0.8333,ephem 4.2 (VSOP87 full series)
2026-12-02,06:05:03.436,08:04:58.299,12:09:29.358,16.474836,16:13:59.288,16:42:07.078,-17.7,-4.5,-0.8333,ephem 4.2 (VSOP87 full series)
2026-12-03,06:06:10.311,08:06:19.328,12:09:53.217,16.331536,16:13:26.044,16:41:38.787,-17.7,-4.5,-0.8333,ephem 4.2 (VSOP87 full series)
2026-12-04,06:07:15.709,08:07:38.368,12:10:17.699,16.195359,16:12:56.034,16:41:13.551,-17.7,-4.5,-0.8333,ephem 4.2 (VSOP87 full series)
2026-12-05,06:08:19.579,08:08:55.332,12:10:42.716,16.066377,16:12:29.291,16:40:51.393,-17.7,-4.5,-0.8333,ephem 4.2 (VSOP87 full series)
2026-12-06,06:09:21.865,08:10:10.130,12:11:08.421,15.944662,16:12:05.846,16:40:32.330,-17.7,-4.5,-0.8333,ephem 4.2 (VSOP87 full series)
2026-12-07,06:10:22.514,08:11:22.677,12:11:34.504,15.830275,16:11:45.726,16:40:16.379,-17.7,-4.5,-0.8333,ephem 4.2 (VSOP87 full series)
2026-12-08,06:11:21.471,08:12:32.886,12:12:01.293,15.723282,16:11:28.955,16:40:03.553,-17.7,-4.5,-0.8333,ephem 4.2 (VSOP87 full series)
2026-12-09,06:12:18.683,08:13:40.673,12:12:28.428,15.623738,16:11:15.555,16:39:53.862,-17.7,-4.5,-0.8333,ephem 4.2 (VSOP87 full series)
2026-12-10,06:13:14.096,08:14:45.955,12:12:56.044,15.531700,16:11:05.541,16:39:47.313,-17.7,-4.5,-0.8333,ephem 4.2 (VSOP87 full series)
2026-12-11,06:14:07.658,08:15:48.653,12:13:24.046,15.447219,16:10:58.928,16:39:43.910,-17.7,-4.5,-0.8333,ephem 4.2 (VSOP87 full series)
2026-12-12,06:14:59.315,08:16:48.688,12:13:52.428,15.370340,16:10:55.727,16:39:43.656,-17.7,-4.5,-0.8333,ephem 4.2 (VSOP87 full series)
2026-12-13,06:15:49.018,08:17:45.986,12:14:21.162,15.301111,16:10:55.944,16:39:46.547,-17.7,-4.5,-0.8333,ephem 4.2 (VSOP87 full series)
2026-12-14,06:16:36.716,08:18:40.475,12:14:50.181,15.239568,16:10:59.581,16:39:52.578,-17.7,-4.5,-0.8333,ephem 4.2 (VSOP87 full series)
2026-12-15,06:17:22.360,08:19:32.086,12:15:19.510,15.185747,16:11:06.636,16:40:01.742,-17.7,-4.5,-0.8333,ephem 4.2 (VSOP87 full series)
2026-12-16,06:18:05.902,08:20:20.754,12:15:49.022,15.139679,16:11:17.105,16:40:14.025,-17.7,-4.5,-0.8333,ephem 4.2 (VSOP87 full series)
2026-12-17,06:18:47.298,08:21:06.419,12:16:18.793,15.101389,16:11:30.977,16:40:29.414,-17.7,-4.5,-0.8333,ephem 4.2 (VSOP87 full series)
2026-12-18,06:19:26.505,08:21:49.026,12:16:48.670,15.070901,16:11:48.239,16:40:47.889,-17.7,-4.5,-0.8333,ephem 4.2 (VSOP87 full series)
2026-12-19,06:20:03.481,08:22:28.524,12:17:18.741,15.048227,16:12:08.873,16:41:09.432,-17.7,-4.5,-0.8333,ephem 4.2 (VSOP87 full series)
2026-12-20,06:20:38.190,08:23:04.868,12:17:48.853,15.033380,16:12:32.861,16:41:34.018,-17.7,-4.5,-0.8333,ephem 4.2 (VSOP87 full series)
2026-12-21,06:21:10.597,08:23:38.021,12:18:19.087,15.026363,16:13:00.176,16:42:01.621,-17.7,-4.5,-0.8333,ephem 4.2 (VSOP87 full series)
2026-12-22,06:21:40.670,08:24:07.946,12:18:49.312,15.027181,16:13:30.791,16:42:32.213,-17.7,-4.5,-0.8333,ephem 4.2 (VSOP87 full series)
2026-12-23,06:22:08.381,08:24:34.617,12:19:19.587,15.035830,16:14:04.676,16:43:05.764,-17.7,-4.5,-0.8333,ephem 4.2 (VSOP87 full series)
2026-12-24,06:22:33.701,08:24:58.008,12:19:49.793,15.052308,16:14:41.797,16:43:42.241,-17.7,-4.5,-0.8333,ephem 4.2 (VSOP87 full series)
2026-12-25,06:22:56.604,08:25:18.096,12:20:19.993,15.076610,16:15:22.118,16:44:21.609,-17.7,-4.5,-0.8333,ephem 4.2 (VSOP87 full series)
2026-12-26,06:23:17.064,08:25:34.863,12:20:50.071,15.108732,16:16:05.602,16:45:03.834,-17.7,-4.5,-0.8333,ephem 4.2 (VSOP87 full series)
2026-12-27,06:23:35.054,08:25:48.291,12:21:20.084,15.148668,16:16:52.204,16:45:48.876,-17.7,-4.5,-0.8333,ephem 4.2 (VSOP87 full series)
2026-12-28,06:23:50.551,08:25:58.368,12:21:49.909,15.196411,16:17:41.880,16:46:36.693,-17.7,-4.5,-0.8333,ephem 4.2 (VSOP87 full series)
2026-12-29,06:24:03.531,08:26:05.086,12:22:19.614,15.251942,16:18:34.576,16:47:27.238,-17.7,-4.5,-0.8333,ephem 4.2 (VSOP87 full series)
2026-12-30,06:24:13.974,08:26:08.438,12:22:49.064,15.315243,16:19:30.235,16:48:20.458,-17.7,-4.5,-0.8333,ephem 4.2 (VSOP87 full series)
2026-12-31,06:24:21.858,08:26:08.423,12:23:18.331,15.386283,16:20:28.793,16:49:16.297,-17.7,-4.5,-0.8333,ephem 4.2 (VSOP87 full series)
